run_name,param,prior_type,prior_mu,prior_sigma,post_mean,post_std,shrinkage,pull,flag
stretch/stretch_softbroken_x10x1tau,alpha,truncated_gaussian,0.17,0.05,0.1673,0.05511,-0.1022,-0.054,prior_dominated
cosmo/cosmowCDM,Om0,truncated_gaussian,0.3175,0.0275,0.33157,0.02738,0.0044,0.5116,prior_dominated
evolution/zevolve_exp_abg,Om0,truncated_gaussian,0.3175,0.0275,0.33056,0.02572,0.0647,0.4749,prior_dominated
evolution/zevolve_exp_bg,Om0,truncated_gaussian,0.3175,0.0275,0.33215,0.02566,0.0669,0.5327,prior_dominated
evolution/zevolve_power_b,Om0,truncated_gaussian,0.3175,0.0275,0.32597,0.02564,0.0676,0.308,prior_dominated
evolution/zevolve_linear_bg,Om0,truncated_gaussian,0.3175,0.0275,0.33129,0.02559,0.0695,0.5015,prior_dominated
evolution/zevolve_power_bg,Om0,truncated_gaussian,0.3175,0.0275,0.33162,0.02556,0.0705,0.5135,prior_dominated
evolution/zevolve_log_bg,Om0,truncated_gaussian,0.3175,0.0275,0.33285,0.02554,0.0713,0.5582,prior_dominated
evolution/zevolve_power_ab,Om0,truncated_gaussian,0.3175,0.0275,0.32537,0.02551,0.0724,0.2862,prior_dominated
evolution/zevolve_power_abg,Om0,truncated_gaussian,0.3175,0.0275,0.33068,0.02546,0.0742,0.4793,prior_dominated
evolution/zevolve_log_abg,Om0,truncated_gaussian,0.3175,0.0275,0.33261,0.02531,0.0796,0.5495,prior_dominated
evolution/zevolve_linear_abg,Om0,truncated_gaussian,0.3175,0.0275,0.33004,0.0253,0.08,0.456,prior_dominated
evolution/zevolve_zz_bg,Om0,truncated_gaussian,0.3175,0.0275,0.33612,0.02529,0.0804,0.6771,prior_dominated
sncolour/sncolour_dust_sntau,beta,truncated_gaussian,3.12,0.5,3.38023,0.45795,0.0841,0.5205,prior_dominated
cosmo/cosmoLambdaCDM,Ode0,truncated_gaussian,0.6824,0.0275,0.6652,0.02516,0.0851,-0.6255,prior_dominated
evolution/zevolve_exp_ab,Om0,truncated_gaussian,0.3175,0.0275,0.32415,0.02515,0.0855,0.2418,prior_dominated
evolution/zevolve_linear_b,Om0,truncated_gaussian,0.3175,0.0275,0.32513,0.02515,0.0855,0.2775,prior_dominated
evolution/zevolve_zz_abg,Om0,truncated_gaussian,0.3175,0.0275,0.33431,0.0251,0.0873,0.6113,prior_dominated
evolution/zevolve_exp_b,Om0,truncated_gaussian,0.3175,0.0275,0.32474,0.0251,0.0873,0.2633,prior_dominated
evolution/zevolve_zz_b,Om0,truncated_gaussian,0.3175,0.0275,0.33008,0.02507,0.0884,0.4575,prior_dominated
evolution/zevolve_linear_ab,Om0,truncated_gaussian,0.3175,0.0275,0.32518,0.02497,0.092,0.2793,prior_dominated
evolution/zevolve_zz_ab,Om0,truncated_gaussian,0.3175,0.0275,0.32988,0.02481,0.0978,0.4502,prior_dominated
evolution/zevolve_log_b,Om0,truncated_gaussian,0.3175,0.0275,0.32833,0.02476,0.0996,0.3938,prior_dominated
evolution/zevolve_log_ab,Om0,truncated_gaussian,0.3175,0.0275,0.32789,0.02473,0.1007,0.3778,prior_dominated
sncolour/sncolour_dust_c0sntau,beta,truncated_gaussian,3.12,0.5,2.95553,0.44908,0.1018,-0.3289,prior_dominated
sncolour/sncolour_softbroken_c0sntau,beta,truncated_gaussian,3.12,0.5,3.13318,0.44294,0.1141,0.0264,prior_dominated
cosmo/cosmoLambdaCDM,Om0,truncated_gaussian,0.3175,0.0275,0.3565,0.0214,0.2218,1.4182,
evolution/zevolve_step_abg,Om0,truncated_gaussian,0.3175,0.0275,0.34221,0.02065,0.2491,0.8985,
evolution/zevolve_step_bg,Om0,truncated_gaussian,0.3175,0.0275,0.34259,0.0206,0.2509,0.9124,
evolution/zevolve_step_b,Om0,truncated_gaussian,0.3175,0.0275,0.33685,0.02052,0.2538,0.7036,
evolution/zevolve_exp_g,Om0,truncated_gaussian,0.3175,0.0275,0.36269,0.02049,0.2549,1.6433,
evolution/zevolve_step_ab,Om0,truncated_gaussian,0.3175,0.0275,0.33724,0.02026,0.2633,0.7178,
evolution/zevolve_linear_g,Om0,truncated_gaussian,0.3175,0.0275,0.36184,0.02007,0.2702,1.6124,
evolution/zevolve_power_g,Om0,truncated_gaussian,0.3175,0.0275,0.3622,0.02003,0.2716,1.6255,
evolution/zevolve_zz_g,Om0,truncated_gaussian,0.3175,0.0275,0.36314,0.0194,0.2945,1.6596,
sncolour/sncolour_stepbroken_c0sntau,beta,truncated_gaussian,3.12,0.5,3.04955,0.35002,0.3,-0.1409,
evolution/zevolve_log_g,Om0,truncated_gaussian,0.3175,0.0275,0.36135,0.01904,0.3076,1.5945,
evolution/zevolve_step_g,Om0,truncated_gaussian,0.3175,0.0275,0.35777,0.01883,0.3153,1.4644,
host_col/ssfr_none_hcol_sigmoid_C0htau_mass_step,Om0,truncated_gaussian,0.3175,0.0275,0.35432,0.01671,0.3924,1.3389,
ssfr/ssfr_tanh_F0ftau_hcol_tanh_mass_linear,Om0,truncated_gaussian,0.3175,0.0275,0.3421,0.01663,0.3953,0.8945,
ssfr/ssfr_sigmoid_F0ftau_hcol_sigmoid_mass_linear,Om0,truncated_gaussian,0.3175,0.0275,0.34253,0.01662,0.3956,0.9102,
host_col/ssfr_none_hcol_tanh_C0_mass_linear,Om0,truncated_gaussian,0.3175,0.0275,0.34351,0.01661,0.396,0.9458,
ssfr/ssfr_sigmoid_F0ftau_hcol_sigmoid_mass_sigmoid_M0tau,Om0,truncated_gaussian,0.3175,0.0275,0.34478,0.0166,0.3964,0.992,
ssfr/ssfr_tanh_F0ftau_hcol_sigmoid_mass_linear,Om0,truncated_gaussian,0.3175,0.0275,0.34261,0.01656,0.3978,0.9131,
ssfr/ssfr_tanh_F0ftau_hcol_tanh_mass_sigmoid_M0tau,Om0,truncated_gaussian,0.3175,0.0275,0.34474,0.01651,0.3996,0.9905,
ssfr/ssfr_sigmoid_F0ftau_hcol_linear_mass_spline,Om0,truncated_gaussian,0.3175,0.0275,0.34986,0.01651,0.3996,1.1767,
ssfr/ssfr_step_F0_hcol_linear_mass_step_M0xisSFRmassxisSFRhcolxihcolmassomega,Om0,truncated_gaussian,0.3175,0.0275,0.3515,0.0165,0.4,1.2364,
ssfr/ssfr_sigmoid_F0ftau_hcol_asymm_mass_sigmoid_M0tau,Om0,truncated_gaussian,0.3175,0.0275,0.34376,0.01648,0.4007,0.9549,
ssfr/ssfr_tanh_F0ftau_hcol_asymm_mass_spline,Om0,truncated_gaussian,0.3175,0.0275,0.34973,0.01647,0.4011,1.172,
ssfr/ssfr_tanh_hcol_tanh_mass_linear,Om0,truncated_gaussian,0.3175,0.0275,0.34453,0.01647,0.4011,0.9829,
ssfr/ssfr_tanh_F0ftau_hcol_sigmoid_mass_sigmoid_M0tau,Om0,truncated_gaussian,0.3175,0.0275,0.34471,0.01646,0.4015,0.9895,
ssfr/ssfr_linear_hcol_asymm_mass_linear,Om0,truncated_gaussian,0.3175,0.0275,0.34454,0.01644,0.4022,0.9833,
sncolour/sncolour_tanh_c0sntau,beta,truncated_gaussian,3.12,0.5,3.58373,0.29878,0.4024,0.9275,
ssfr/ssfr_sigmoid_F0ftau_hcol_tanh_mass_linear,Om0,truncated_gaussian,0.3175,0.0275,0.34241,0.01643,0.4025,0.9058,
ssfr/ssfr_step_F0_hcol_asymm_mass_sigmoid_M0tau,Om0,truncated_gaussian,0.3175,0.0275,0.34418,0.01642,0.4029,0.9702,
host_col/ssfr_none_hcol_linear_mass_tanh_M0tau,Om0,truncated_gaussian,0.3175,0.0275,0.34905,0.01642,0.4029,1.1473,
ssfr/ssfr_sigmoid_F0ftau_hcol_quadratic_mass_linear,Om0,truncated_gaussian,0.3175,0.0275,0.34183,0.01642,0.4029,0.8847,
ssfr/ssfr_step_F0_hcol_sigmoid_mass_sigmoid_M0tau,Om0,truncated_gaussian,0.3175,0.0275,0.34457,0.01639,0.404,0.9844,
sncolour/sncolour_softbroken_c0sntau,Om0,truncated_gaussian,0.3175,0.0275,0.36216,0.01639,0.404,1.624,
ssfr/ssfr_tanh_F0ftau_hcol_linear_mass_spline,Om0,truncated_gaussian,0.3175,0.0275,0.34977,0.01638,0.4044,1.1735,
host_col/ssfr_none_hcol_linear_mass_sigmoid_M0,Om0,truncated_gaussian,0.3175,0.0275,0.35046,0.01637,0.4047,1.1985,
ssfr/ssfr_sigmoid_F0ftau_hcol_asymm_mass_linear,Om0,truncated_gaussian,0.3175,0.0275,0.34185,0.01637,0.4047,0.8855,
ssfr/ssfr_tanh_F0ftau_hcol_asymm_mass_linear,Om0,truncated_gaussian,0.3175,0.0275,0.34178,0.01636,0.4051,0.8829,
ssfr/ssfr_linear_hcol_asymm_mass_sigmoid_M0tau,Om0,truncated_gaussian,0.3175,0.0275,0.34601,0.01636,0.4051,1.0367,
ssfr/ssfr_sigmoid_F0ftau_hcol_broken_mass_sigmoid_M0tau,Om0,truncated_gaussian,0.3175,0.0275,0.34515,0.01636,0.4051,1.0055,
ssfr/ssfr_step_F0_hcol_tanh_mass_linear,Om0,truncated_gaussian,0.3175,0.0275,0.34238,0.01635,0.4055,0.9047,
host_col/ssfr_none_hcol_tanh_C0_mass_sigmoid_tauxihcolmass,Om0,truncated_gaussian,0.3175,0.0275,0.34331,0.01635,0.4055,0.9385,
ssfr/ssfr_step_F0_hcol_broken_mass_linear,Om0,truncated_gaussian,0.3175,0.0275,0.34349,0.01635,0.4055,0.9451,
ssfr/ssfr_sigmoid_F0ftau_hcol_quadratic_mass_sigmoid_M0tau,Om0,truncated_gaussian,0.3175,0.0275,0.34427,0.01635,0.4055,0.9735,
ssfr/ssfr_tanh_F0ftau_hcol_asymm_mass_double_step,Om0,truncated_gaussian,0.3175,0.0275,0.35033,0.01633,0.4062,1.1938,
ssfr/ssfr_step_F0_hcol_sigmoid_mass_linear,Om0,truncated_gaussian,0.3175,0.0275,0.34278,0.01633,0.4062,0.9193,
host_col/ssfr_none_hcol_tanh_C0_mass_sigmoid_M0xihcolmass,Om0,truncated_gaussian,0.3175,0.0275,0.3488,0.01632,0.4065,1.1382,
ssfr/ssfr_sigmoid_F0ftau_hcol_sigmoid_mass_spline,Om0,truncated_gaussian,0.3175,0.0275,0.35001,0.01631,0.4069,1.1822,
host_col/ssfr_none_hcol_asymm_C0htau_mass_sigmoid_tauxihcolmass,Om0,truncated_gaussian,0.3175,0.0275,0.34601,0.0163,0.4073,1.0367,
ssfr/ssfr_sigmoid_F0ftau_hcol_tanh_mass_sigmoid,Om0,truncated_gaussian,0.3175,0.0275,0.34895,0.0163,0.4073,1.1436,
ssfr/ssfr_linear_hcol_linear_mass_spline,Om0,truncated_gaussian,0.3175,0.0275,0.35121,0.0163,0.4073,1.2258,
host_col/ssfr_none_hcol_tanh_C0_mass_double_step,Om0,truncated_gaussian,0.3175,0.0275,0.34593,0.01629,0.4076,1.0338,
ssfr/ssfr_tanh_hcol_sigmoid_mass_linear,Om0,truncated_gaussian,0.3175,0.0275,0.34465,0.01629,0.4076,0.9873,
ssfr/ssfr_tanh_hcol_linear_mass_step_xisSFRmass,Om0,truncated_gaussian,0.3175,0.0275,0.35567,0.01628,0.408,1.388,
host_col/ssfr_none_hcol_asymm_C0htau_mass_linear_xihcolmass,Om0,truncated_gaussian,0.3175,0.0275,0.34497,0.01628,0.408,0.9989,
host_col/ssfr_none_hcol_linear_mass_linear_xihcolmass,Om0,truncated_gaussian,0.3175,0.0275,0.34578,0.01627,0.4084,1.0284,
ssfr/ssfr_step_F0_hcol_quadratic_mass_linear,Om0,truncated_gaussian,0.3175,0.0275,0.34186,0.01627,0.4084,0.8858,
ssfr/ssfr_linear_hcol_broken_mass_sigmoid_M0tau,Om0,truncated_gaussian,0.3175,0.0275,0.34738,0.01627,0.4084,1.0865,
ssfr/ssfr_tanh_F0ftau_hcol_quadratic_mass_linear,Om0,truncated_gaussian,0.3175,0.0275,0.34143,0.01627,0.4084,0.8702,
host_col/ssfr_none_hcol_tanh_C0_mass_linear_xihcolmass,Om0,truncated_gaussian,0.3175,0.0275,0.34239,0.01627,0.4084,0.9051,
ssfr/ssfr_step_F0_hcol_quadratic_mass_sigmoid_M0tau,Om0,truncated_gaussian,0.3175,0.0275,0.34411,0.01626,0.4087,0.9676,
ssfr/ssfr_tanh_F0ftau_hcol_broken_mass_sigmoid_M0tau,Om0,truncated_gaussian,0.3175,0.0275,0.34555,0.01626,0.4087,1.02,
ssfr/ssfr_step_F0_hcol_asymm_mass_sigmoid,Om0,truncated_gaussian,0.3175,0.0275,0.34762,0.01626,0.4087,1.0953,
host_col/ssfr_none_hcol_sigmoid_C0_mass_step_xihcolmass,Om0,truncated_gaussian,0.3175,0.0275,0.35499,0.01626,0.4087,1.3633,
ssfr/ssfr_tanh_F0ftau_hcol_quadratic_mass_sigmoid_M0tau,Om0,truncated_gaussian,0.3175,0.0275,0.34437,0.01625,0.4091,0.9771,
ssfr/ssfr_step_F0_hcol_sigmoid_mass_sigmoid,Om0,truncated_gaussian,0.3175,0.0275,0.34865,0.01625,0.4091,1.1327,
ssfr/ssfr_step_F0_hcol_asymm_mass_spline,Om0,truncated_gaussian,0.3175,0.0275,0.34972,0.01625,0.4091,1.1716,
ssfr/ssfr_sigmoid_F0ftau_hcol_broken_mass_spline,Om0,truncated_gaussian,0.3175,0.0275,0.35075,0.01625,0.4091,1.2091,
host_col/ssfr_none_hcol_linear_mass_sigmoid,Om0,truncated_gaussian,0.3175,0.0275,0.3521,0.01625,0.4091,1.2582,
evolution/zevolve_step_a,Om0,truncated_gaussian,0.3175,0.0275,0.35691,0.01625,0.4091,1.4331,
host_col/ssfr_none_hcol_linear_mass_gaussian_weight_M0tau,Om0,truncated_gaussian,0.3175,0.0275,0.35791,0.01625,0.4091,1.4695,
ssfr/ssfr_tanh_hcol_broken_mass_spline,Om0,truncated_gaussian,0.3175,0.0275,0.35141,0.01624,0.4095,1.2331,
ssfr/ssfr_linear_hcol_linear_mass_sigmoid_M0tau,Om0,truncated_gaussian,0.3175,0.0275,0.34726,0.01624,0.4095,1.0822,
sncolour/sncolour_tanh_c0sntau,Om0,truncated_gaussian,0.3175,0.0275,0.36187,0.01623,0.4098,1.6135,
ssfr/ssfr_tanh_hcol_linear_mass_double_step,Om0,truncated_gaussian,0.3175,0.0275,0.35271,0.01623,0.4098,1.2804,
host_col/ssfr_none_hcol_linear_mass_linear,Om0,truncated_gaussian,0.3175,0.0275,0.34717,0.01623,0.4098,1.0789,
ssfr/ssfr_linear_hcol_sigmoid_mass_spline,Om0,truncated_gaussian,0.3175,0.0275,0.34964,0.01623,0.4098,1.1687,
ssfr/ssfr_tanh_F0ftau_hcol_linear_mass_linear,Om0,truncated_gaussian,0.3175,0.0275,0.34325,0.01623,0.4098,0.9364,
host_col/ssfr_none_hcol_linear_mass_sigmoid_M0tau,Om0,truncated_gaussian,0.3175,0.0275,0.34782,0.01623,0.4098,1.1025,
ssfr/ssfr_tanh_F0ftau_hcol_broken_mass_linear,Om0,truncated_gaussian,0.3175,0.0275,0.34377,0.01623,0.4098,0.9553,
ssfr/ssfr_step_F0_hcol_linear_mass_sigmoid_M0tau,Om0,truncated_gaussian,0.3175,0.0275,0.34514,0.01623,0.4098,1.0051,
sncolour/sncolour_stepbroken_c0sntau,Om0,truncated_gaussian,0.3175,0.0275,0.36054,0.01623,0.4098,1.5651,
host_col/ssfr_none_hcol_asymm_C0htau_mass_step_xihcolmass,Om0,truncated_gaussian,0.3175,0.0275,0.35485,0.01623,0.4098,1.3582,
ssfr/ssfr_tanh_F0ftau_hcol_linear_mass_sigmoid_M0tau,Om0,truncated_gaussian,0.3175,0.0275,0.34528,0.01622,0.4102,1.0102,
host_col/ssfr_none_hcol_linear_mass_spline_k1k2k3,Om0,truncated_gaussian,0.3175,0.0275,0.35184,0.01622,0.4102,1.2487,
ssfr/ssfr_step_hcol_linear_mass_linear_xisSFRmass,Om0,truncated_gaussian,0.3175,0.0275,0.34651,0.01622,0.4102,1.0549,
host_col/ssfr_none_hcol_broken_C0_mass_linear_xihcolmass,Om0,truncated_gaussian,0.3175,0.0275,0.34658,0.01622,0.4102,1.0575,
ssfr/ssfr_linear_hcol_broken_mass_double_step,Om0,truncated_gaussian,0.3175,0.0275,0.35217,0.01621,0.4105,1.2607,
ssfr/ssfr_tanh_F0ftau_hcol_linear_mass_step_xisSFRmass,Om0,truncated_gaussian,0.3175,0.0275,0.35289,0.01621,0.4105,1.2869,
ssfr/ssfr_step_F0_hcol_linear_mass_linear,Om0,truncated_gaussian,0.3175,0.0275,0.34329,0.01621,0.4105,0.9378,
ssfr/ssfr_tanh_hcol_asymm_mass_spline,Om0,truncated_gaussian,0.3175,0.0275,0.35111,0.01621,0.4105,1.2222,
host_col/ssfr_none_hcol_sigmoid_C0_mass_linear,Om0,truncated_gaussian,0.3175,0.0275,0.34674,0.01621,0.4105,1.0633,
host_col/ssfr_none_hcol_broken_C0_mass_step_xihcolmass,Om0,truncated_gaussian,0.3175,0.0275,0.35603,0.0162,0.4109,1.4011,
sncolour/sncolour_dust_c0sntau,Om0,truncated_gaussian,0.3175,0.0275,0.36186,0.0162,0.4109,1.6131,
ssfr/ssfr_step_F0_hcol_linear_mass_step_M0xisSFRmass,Om0,truncated_gaussian,0.3175,0.0275,0.35062,0.0162,0.4109,1.2044,
ssfr/ssfr_linear_hcol_linear_mass_double_step,Om0,truncated_gaussian,0.3175,0.0275,0.35233,0.0162,0.4109,1.2665,
ssfr/ssfr_step_hcol_quadratic_C0_mass_step_xisSFRhcol,Om0,truncated_gaussian,0.3175,0.0275,0.35621,0.0162,0.4109,1.4076,
sfr/ssfr_step_F0_hcol_asymm_mass_spline,Om0,truncated_gaussian,0.3175,0.0275,0.35009,0.0162,0.4109,1.1851,
ssfr/ssfr_tanh_hcol_sigmoid_mass_sigmoid,Om0,truncated_gaussian,0.3175,0.0275,0.351,0.01619,0.4113,1.2182,
ssfr/ssfr_sigmoid_F0ftau_hcol_quadratic_mass_sigmoid,Om0,truncated_gaussian,0.3175,0.0275,0.34771,0.01619,0.4113,1.0985,
ssfr/ssfr_tanh_F0ftau_hcol_broken_mass_step,Om0,truncated_gaussian,0.3175,0.0275,0.35452,0.01619,0.4113,1.3462,
ssfr/ssfr_sigmoid_F0ftau_hcol_asymm_mass_sigmoid,Om0,truncated_gaussian,0.3175,0.0275,0.34847,0.01619,0.4113,1.1262,
sncolour/sncolour_asymm_gauss_weight_c0sntau,Om0,truncated_gaussian,0.3175,0.0275,0.36181,0.01619,0.4113,1.6113,
ssfr/ssfr_step_F0_hcol_broken_mass_spline,Om0,truncated_gaussian,0.3175,0.0275,0.35064,0.01619,0.4113,1.2051,
host_col/ssfr_none_hcol_asymm_C0htau_mass_linear,Om0,truncated_gaussian,0.3175,0.0275,0.34667,0.01618,0.4116,1.0607,
ssfr/ssfr_tanh_hcol_broken_mass_linear,Om0,truncated_gaussian,0.3175,0.0275,0.34478,0.01618,0.4116,0.992,
ssfr/ssfr_tanh_F0ftau_hcol_linear_mass_double_step,Om0,truncated_gaussian,0.3175,0.0275,0.35098,0.01618,0.4116,1.2175,
ssfr/ssfr_tanh_hcol_tanh_mass_sigmoid,Om0,truncated_gaussian,0.3175,0.0275,0.35142,0.01618,0.4116,1.2335,
ssfr/ssfr_step_F0_hcol_linear_mass_spline,Om0,truncated_gaussian,0.3175,0.0275,0.35027,0.01618,0.4116,1.1916,
ssfr/ssfr_tanh_F0ftau_hcol_asymm_mass_sigmoid_M0tau,Om0,truncated_gaussian,0.3175,0.0275,0.34423,0.01618,0.4116,0.972,
ssfr/ssfr_sigmoid_F0ftau_hcol_linear_mass_sigmoid_M0tau,Om0,truncated_gaussian,0.3175,0.0275,0.34533,0.01618,0.4116,1.012,
ssfr/ssfr_step_F0_hcol_tanh_mass_sigmoid,Om0,truncated_gaussian,0.3175,0.0275,0.34964,0.01617,0.412,1.1687,
ssfr/ssfr_sigmoid_F0ftau_hcol_sigmoid_mass_sigmoid,Om0,truncated_gaussian,0.3175,0.0275,0.34971,0.01617,0.412,1.1713,
evolution/baseline_broaduniform,Om0,truncated_gaussian,0.3175,0.0275,0.35711,0.01617,0.412,1.4404,
ssfr/ssfr_step_hcol_linear_mass_step_xisSFRmass,Om0,truncated_gaussian,0.3175,0.0275,0.35638,0.01617,0.412,1.4138,
ssfr/ssfr_sigmoid_F0ftau_hcol_tanh_mass_sigmoid_M0tau,Om0,truncated_gaussian,0.3175,0.0275,0.34516,0.01617,0.412,1.0058,
ssfr/ssfr_sigmoid_F0ftau_hcol_linear_mass_step,Om0,truncated_gaussian,0.3175,0.0275,0.35464,0.01617,0.412,1.3505,
ssfr/ssfr_sigmoid_F0ftau_hcol_broken_mass_double_step,Om0,truncated_gaussian,0.3175,0.0275,0.35106,0.01617,0.412,1.2204,
stretch/stretch_softbroken_x10x1tau,Om0,truncated_gaussian,0.3175,0.0275,0.35689,0.01617,0.412,1.4324,
ssfr/ssfr_step_F0_hcol_sigmoid_mass_spline,Om0,truncated_gaussian,0.3175,0.0275,0.35004,0.01617,0.412,1.1833,
ssfr/ssfr_step_F0_hcol_linear_mass_sigmoid,Om0,truncated_gaussian,0.3175,0.0275,0.3487,0.01617,0.412,1.1345,
host_col/ssfr_none_hcol_sigmoid_C0_mass_sigmoid_tauxihcolmass,Om0,truncated_gaussian,0.3175,0.0275,0.34647,0.01617,0.412,1.0535,
ssfr/ssfr_step_F0_hcol_linear_mass_gaussian_weight,Om0,truncated_gaussian,0.3175,0.0275,0.35829,0.01617,0.412,1.4833,
ssfr/ssfr_linear_hcol_linear_mass_linear,Om0,truncated_gaussian,0.3175,0.0275,0.34682,0.01617,0.412,1.0662,
ssfr/ssfr_sigmoid_F0ftau_hcol_sigmoid_mass_double_step,Om0,truncated_gaussian,0.3175,0.0275,0.35084,0.01616,0.4124,1.2124,
ssfr/ssfr_step_F0_hcol_broken_mass_sigmoid_M0tau,Om0,truncated_gaussian,0.3175,0.0275,0.34523,0.01616,0.4124,1.0084,
host_col/ssfr_none_hcol_sigmoid_C0htau_mass_none,Om0,truncated_gaussian,0.3175,0.0275,0.35926,0.01616,0.4124,1.5185,
ssfr/ssfr_tanh_hcol_asymm_mass_linear,Om0,truncated_gaussian,0.3175,0.0275,0.34435,0.01616,0.4124,0.9764,
ssfr/ssfr_tanh_hcol_sigmoid_mass_spline,Om0,truncated_gaussian,0.3175,0.0275,0.35196,0.01616,0.4124,1.2531,
ssfr/ssfr_tanh_hcol_linear_mass_step,Om0,truncated_gaussian,0.3175,0.0275,0.35705,0.01616,0.4124,1.4382,
ssfr/ssfr_step_F0_hcol_tanh_mass_spline,Om0,truncated_gaussian,0.3175,0.0275,0.35,0.01616,0.4124,1.1818,
ssfr/ssfr_step_F0_hcol_asymm_mass_double_step,Om0,truncated_gaussian,0.3175,0.0275,0.35075,0.01615,0.4127,1.2091,
ssfr/ssfr_tanh_hcol_quadratic_mass_linear,Om0,truncated_gaussian,0.3175,0.0275,0.34419,0.01615,0.4127,0.9705,
ssfr/ssfr_tanh_F0ftau_hcol_broken_mass_double_step,Om0,truncated_gaussian,0.3175,0.0275,0.35099,0.01615,0.4127,1.2178,
ssfr/ssfr_step_F0_hcol_asymm_mass_linear,Om0,truncated_gaussian,0.3175,0.0275,0.34193,0.01615,0.4127,0.8884,
stretch/stretch_stepbroken,Om0,truncated_gaussian,0.3175,0.0275,0.35718,0.01615,0.4127,1.4429,
ssfr/ssfr_linear_hcol_sigmoid_mass_linear,Om0,truncated_gaussian,0.3175,0.0275,0.34555,0.01615,0.4127,1.02,
ssfr/ssfr_sigmoid_F0ftau_hcol_linear_mass_linear,Om0,truncated_gaussian,0.3175,0.0275,0.34349,0.01615,0.4127,0.9451,
ssfr/ssfr_step_F0_hcol_linear_mass_sigmoid_M0,Om0,truncated_gaussian,0.3175,0.0275,0.34881,0.01614,0.4131,1.1385,
sncolour/sncolour_quadratic_c0,Om0,truncated_gaussian,0.3175,0.0275,0.36335,0.01614,0.4131,1.6673,
host_col/ssfr_none_hcol_linear_mass_sigmoid_xihcolmass,Om0,truncated_gaussian,0.3175,0.0275,0.35084,0.01614,0.4131,1.2124,
ssfr/ssfr_linear_hcol_broken_mass_sigmoid,Om0,truncated_gaussian,0.3175,0.0275,0.35136,0.01614,0.4131,1.2313,
ssfr/ssfr_sigmoid_F0ftau_hcol_broken_mass_sigmoid,Om0,truncated_gaussian,0.3175,0.0275,0.34963,0.01614,0.4131,1.1684,
ssfr/ssfr_step_F0_hcol_tanh_mass_sigmoid_M0tau,Om0,truncated_gaussian,0.3175,0.0275,0.34557,0.01613,0.4135,1.0207,
ssfr/ssfr_tanh_F0ftau_hcol_broken_mass_sigmoid,Om0,truncated_gaussian,0.3175,0.0275,0.34928,0.01613,0.4135,1.1556,
ssfr/ssfr_tanh_F0ftau_hcol_sigmoid_mass_double_step,Om0,truncated_gaussian,0.3175,0.0275,0.35109,0.01613,0.4135,1.2215,
ssfr/ssfr_linear_hcol_linear_mass_sigmoid,Om0,truncated_gaussian,0.3175,0.0275,0.35133,0.01613,0.4135,1.2302,
evolution/zevolve_log_a,Om0,truncated_gaussian,0.3175,0.0275,0.35829,0.01613,0.4135,1.4833,
ssfr/ssfr_linear_hcol_broken_mass_linear,Om0,truncated_gaussian,0.3175,0.0275,0.3465,0.01613,0.4135,1.0545,
sncolour/sncolour_softbroken_sntau,Om0,truncated_gaussian,0.3175,0.0275,0.36266,0.01613,0.4135,1.6422,
interaction/interaction_betagamma,Om0,truncated_gaussian,0.3175,0.0275,0.35536,0.01613,0.4135,1.3767,
ssfr/ssfr_linear_hcol_broken_mass_spline,Om0,truncated_gaussian,0.3175,0.0275,0.35141,0.01613,0.4135,1.2331,
ssfr/ssfr_step_F0_hcol_quadratic_mass_double_step,Om0,truncated_gaussian,0.3175,0.0275,0.35035,0.01613,0.4135,1.1945,
host_col/ssfr_none_hcol_linear_mass_double_step_M0M1,Om0,truncated_gaussian,0.3175,0.0275,0.349,0.01612,0.4138,1.1455,
ssfr/ssfr_step_F0_hcol_quadratic_mass_sigmoid,Om0,truncated_gaussian,0.3175,0.0275,0.34784,0.01612,0.4138,1.1033,
ssfr/ssfr_tanh_F0ftau_hcol_sigmoid_mass_sigmoid,Om0,truncated_gaussian,0.3175,0.0275,0.34892,0.01612,0.4138,1.1425,
stretch/stretch_doublebroken_x1tau,Om0,truncated_gaussian,0.3175,0.0275,0.35686,0.01612,0.4138,1.4313,
ssfr/ssfr_tanh_hcol_asymm_mass_double_step,Om0,truncated_gaussian,0.3175,0.0275,0.35237,0.01612,0.4138,1.268,
stretch/stretch_doublebroken,Om0,truncated_gaussian,0.3175,0.0275,0.35702,0.01612,0.4138,1.4371,
evolution/zevolve_zz_a,Om0,truncated_gaussian,0.3175,0.0275,0.35896,0.01611,0.4142,1.5076,
ssfr/ssfr_tanh_F0ftau_hcol_tanh_mass_double_step,Om0,truncated_gaussian,0.3175,0.0275,0.35061,0.01611,0.4142,1.204,
host_col/ssfr_none_hcol_sigmoid_C0_mass_linear_xihcolmass,Om0,truncated_gaussian,0.3175,0.0275,0.34591,0.01611,0.4142,1.0331,
ssfr/ssfr_step_hcol_linear_mass_sigmoid_xisSFRmass,Om0,truncated_gaussian,0.3175,0.0275,0.35177,0.01611,0.4142,1.2462,
ssfr/ssfr_linear_hcol_tanh_mass_linear,Om0,truncated_gaussian,0.3175,0.0275,0.34242,0.01611,0.4142,0.9062,
ssfr/ssfr_tanh_hcol_quadratic_mass_sigmoid,Om0,truncated_gaussian,0.3175,0.0275,0.35023,0.01611,0.4142,1.1902,
host_col/ssfr_none_hcol_broken_C0_mass_double_step,Om0,truncated_gaussian,0.3175,0.0275,0.34928,0.01611,0.4142,1.1556,
sncolour/sncolour_asymm_gauss_weight,Om0,truncated_gaussian,0.3175,0.0275,0.36471,0.01611,0.4142,1.7167,
interaction/interaction_betaalpha,Om0,truncated_gaussian,0.3175,0.0275,0.35658,0.01611,0.4142,1.4211,
ssfr/ssfr_linear_hcol_asymm_mass_spline,Om0,truncated_gaussian,0.3175,0.0275,0.35047,0.01611,0.4142,1.1989,
ssfr/ssfr_tanh_hcol_linear_mass_linear,Om0,truncated_gaussian,0.3175,0.0275,0.34482,0.01611,0.4142,0.9935,
ssfr/ssfr_sigmoid_F0ftau_hcol_linear_mass_sigmoid,Om0,truncated_gaussian,0.3175,0.0275,0.34911,0.01611,0.4142,1.1495,
ssfr/ssfr_tanh_hcol_asymm_mass_sigmoid,Om0,truncated_gaussian,0.3175,0.0275,0.3504,0.01611,0.4142,1.1964,
ssfr/ssfr_sigmoid_F0ftau_hcol_asymm_mass_double_step,Om0,truncated_gaussian,0.3175,0.0275,0.35073,0.0161,0.4145,1.2084,
ssfr/ssfr_linear_hcol_sigmoid_mass_double_step,Om0,truncated_gaussian,0.3175,0.0275,0.35075,0.0161,0.4145,1.2091,
ssfr/ssfr_sigmoid_F0ftau_hcol_broken_mass_step,Om0,truncated_gaussian,0.3175,0.0275,0.35497,0.0161,0.4145,1.3625,
ssfr/ssfr_sigmoid_F0ftau_hcol_linear_mass_double_step,Om0,truncated_gaussian,0.3175,0.0275,0.35121,0.0161,0.4145,1.2258,
ssfr/ssfr_sigmoid_ftau_hcol_linear_mass_step,Om0,truncated_gaussian,0.3175,0.0275,0.35655,0.0161,0.4145,1.42,
ssfr/ssfr_step_hcol_linear_mass_linear,Om0,truncated_gaussian,0.3175,0.0275,0.34574,0.0161,0.4145,1.0269,
ssfr/ssfr_step_hcol_linear_mass_step_xisSFRhcol,Om0,truncated_gaussian,0.3175,0.0275,0.35776,0.0161,0.4145,1.464,
ssfr/ssfr_step_hcol_linear_mass_step_omega,Om0,truncated_gaussian,0.3175,0.0275,0.356,0.0161,0.4145,1.4,
ssfr/ssfr_step_hcol_asymm_C0htau_mass_step_xisSFRhcol,Om0,truncated_gaussian,0.3175,0.0275,0.35696,0.0161,0.4145,1.4349,
ssfr/ssfr_linear_hcol_asymm_mass_sigmoid,Om0,truncated_gaussian,0.3175,0.0275,0.35034,0.0161,0.4145,1.1942,
ssfr/ssfr_step_hcol_linear_mass_step,Om0,truncated_gaussian,0.3175,0.0275,0.35761,0.0161,0.4145,1.4585,
evolution/zevolve_power_a,Om0,truncated_gaussian,0.3175,0.0275,0.35828,0.01609,0.4149,1.4829,
ssfr/ssfr_sigmoid_F0_hcol_linear_mass_step,Om0,truncated_gaussian,0.3175,0.0275,0.35569,0.01609,0.4149,1.3887,
ssfr/ssfr_tanh_hcol_linear_mass_spline,Om0,truncated_gaussian,0.3175,0.0275,0.35132,0.01609,0.4149,1.2298,
stretch/stretch_sigmoid_x10x1tau,Om0,truncated_gaussian,0.3175,0.0275,0.35603,0.01609,0.4149,1.4011,
ssfr/ssfr_linear_hcol_quadratic_mass_sigmoid_M0tau,Om0,truncated_gaussian,0.3175,0.0275,0.34468,0.01609,0.4149,0.9884,
ssfr/ssfr_tanh_hcol_quadratic_mass_double_step,Om0,truncated_gaussian,0.3175,0.0275,0.35258,0.01609,0.4149,1.2756,
ssfr/ssfr_tanh_F0ftau_hcol_tanh_mass_sigmoid,Om0,truncated_gaussian,0.3175,0.0275,0.34929,0.01609,0.4149,1.156,
ssfr/ssfr_tanh_F0ftau_hcol_sigmoid_mass_spline,Om0,truncated_gaussian,0.3175,0.0275,0.35062,0.01609,0.4149,1.2044,
host_col/ssfr_none_hcol_broken_C0_mass_linear,Om0,truncated_gaussian,0.3175,0.0275,0.34746,0.01609,0.4149,1.0895,
ssfr/ssfr_step_F0_hcol_linear_mass_double_step,Om0,truncated_gaussian,0.3175,0.0275,0.35079,0.01609,0.4149,1.2105,
evolution/zevolve_exp_a,Om0,truncated_gaussian,0.3175,0.0275,0.35869,0.01609,0.4149,1.4978,
ssfr/ssfr_step_hcol_linear_mass_step_xisSFRmassxisSFRhcolxihcolmassomega,Om0,truncated_gaussian,0.3175,0.0275,0.35744,0.01609,0.4149,1.4524,
host_col/ssfr_none_hcol_linear_mass_step_M0,Om0,truncated_gaussian,0.3175,0.0275,0.35362,0.01609,0.4149,1.3135,
ssfr/ssfr_tanh_F0ftau_hcol_quadratic_mass_spline,Om0,truncated_gaussian,0.3175,0.0275,0.34969,0.01609,0.4149,1.1705,
ssfr/ssfr_tanh_hcol_broken_mass_double_step,Om0,truncated_gaussian,0.3175,0.0275,0.3525,0.01608,0.4153,1.2727,
ssfr/ssfr_tanh_F0ftau_hcol_broken_mass_spline,Om0,truncated_gaussian,0.3175,0.0275,0.3504,0.01608,0.4153,1.1964,
ssfr/ssfr_tanh_F0ftau_hcol_broken_mass_gaussian_weight,Om0,truncated_gaussian,0.3175,0.0275,0.35826,0.01608,0.4153,1.4822,
host_col/ssfr_none_hcol_quadratic_C0_mass_sigmoid_M0xihcolmass,Om0,truncated_gaussian,0.3175,0.0275,0.34895,0.01608,0.4153,1.1436,
ssfr/ssfr_step_F0_hcol_linear_mass_step_M0,Om0,truncated_gaussian,0.3175,0.0275,0.35142,0.01608,0.4153,1.2335,
ssfr/ssfr_linear_hcol_broken_mass_step,Om0,truncated_gaussian,0.3175,0.0275,0.35664,0.01608,0.4153,1.4233,
ssfr/ssfr_step_hcol_linear_mass_step_xisSFRmassxisSFRhcol,Om0,truncated_gaussian,0.3175,0.0275,0.35616,0.01607,0.4156,1.4058,
ssfr/ssfr_tanh_hcol_linear_mass_step_xisSFRhcol,Om0,truncated_gaussian,0.3175,0.0275,0.35725,0.01607,0.4156,1.4455,
ssfr/ssfr_sigmoid_F0ftau_hcol_broken_mass_linear,Om0,truncated_gaussian,0.3175,0.0275,0.34388,0.01607,0.4156,0.9593,
ssfr/ssfr_linear_hcol_quadratic_mass_double_step,Om0,truncated_gaussian,0.3175,0.0275,0.34974,0.01607,0.4156,1.1724,
ssfr/ssfr_linear_hcol_asymm_mass_double_step,Om0,truncated_gaussian,0.3175,0.0275,0.3513,0.01606,0.416,1.2291,
ssfr/ssfr_step_F0_hcol_asymm_mass_none,Om0,truncated_gaussian,0.3175,0.0275,0.35835,0.01606,0.416,1.4855,
ssfr/ssfr_step_hcol_sigmoid_C0_mass_step,Om0,truncated_gaussian,0.3175,0.0275,0.35657,0.01606,0.416,1.4207,
host_col/ssfr_none_hcol_broken_C0_mass_sigmoid_M0xihcolmass,Om0,truncated_gaussian,0.3175,0.0275,0.35067,0.01606,0.416,1.2062,
host_col/ssfr_none_hcol_linear_mass_tanh_M0,Om0,truncated_gaussian,0.3175,0.0275,0.35272,0.01606,0.416,1.2807,
ssfr/ssfr_tanh_F0ftau_hcol_linear_mass_none,Om0,truncated_gaussian,0.3175,0.0275,0.35872,0.01606,0.416,1.4989,
sncolour/sncolour_tanh,Om0,truncated_gaussian,0.3175,0.0275,0.35736,0.01606,0.416,1.4495,
ssfr/ssfr_tanh_F0_hcol_linear_mass_step,Om0,truncated_gaussian,0.3175,0.0275,0.35453,0.01606,0.416,1.3465,
host_col/ssfr_none_hcol_tanh_C0_mass_sigmoid_xihcolmass,Om0,truncated_gaussian,0.3175,0.0275,0.34752,0.01605,0.4164,1.0916,
ssfr/ssfr_tanh_F0ftau_hcol_linear_mass_step,Om0,truncated_gaussian,0.3175,0.0275,0.35475,0.01605,0.4164,1.3545,
ssfr/ssfr_step_F0_hcol_broken_mass_double_step,Om0,truncated_gaussian,0.3175,0.0275,0.35098,0.01605,0.4164,1.2175,
ssfr/ssfr_linear_hcol_sigmoid_mass_sigmoid_M0tau,Om0,truncated_gaussian,0.3175,0.0275,0.34673,0.01605,0.4164,1.0629,
ssfr/ssfr_tanh_ftau_hcol_linear_mass_step,Om0,truncated_gaussian,0.3175,0.0275,0.35729,0.01605,0.4164,1.4469,
ssfr/ssfr_tanh_F0ftau_hcol_quadratic_mass_double_step,Om0,truncated_gaussian,0.3175,0.0275,0.35013,0.01605,0.4164,1.1865,
stretch/stretch_tanh_x10x1tau,Om0,truncated_gaussian,0.3175,0.0275,0.35777,0.01605,0.4164,1.4644,
sncolour/sncolour_asymm_gauss_weight_c0sntau,beta,truncated_gaussian,3.12,0.5,3.54827,0.29181,0.4164,0.8565,
stretch/stretch_asymm_gauss_weight_x1tau,Om0,truncated_gaussian,0.3175,0.0275,0.3594,0.01605,0.4164,1.5236,
ssfr/ssfr_sigmoid_F0ftau_hcol_asymm_mass_none,Om0,truncated_gaussian,0.3175,0.0275,0.3582,0.01605,0.4164,1.48,
ssfr/ssfr_tanh_hcol_tanh_mass_spline,Om0,truncated_gaussian,0.3175,0.0275,0.35123,0.01605,0.4164,1.2265,
sncolour/sncolour_softbroken,Om0,truncated_gaussian,0.3175,0.0275,0.37224,0.01605,0.4164,1.9905,
host_col/ssfr_none_hcol_asymm_C0htau_mass_double_step,Om0,truncated_gaussian,0.3175,0.0275,0.34865,0.01605,0.4164,1.1327,
host_col/ssfr_none_hcol_sigmoid_C0_mass_sigmoid_M0xihcolmass,Om0,truncated_gaussian,0.3175,0.0275,0.34998,0.01604,0.4167,1.1811,
host_col/ssfr_none_hcol_broken_C0_mass_sigmoid_xihcolmass,Om0,truncated_gaussian,0.3175,0.0275,0.35094,0.01604,0.4167,1.216,
stretch/stretch_sigmoid,Om0,truncated_gaussian,0.3175,0.0275,0.35674,0.01604,0.4167,1.4269,
ssfr/ssfr_step_hcol_linear_mass_sigmoid,Om0,truncated_gaussian,0.3175,0.0275,0.35197,0.01604,0.4167,1.2535,
host_col/ssfr_none_hcol_linear_mass_sigmoid_M0xihcolmass,Om0,truncated_gaussian,0.3175,0.0275,0.35028,0.01604,0.4167,1.192,
stretch/stretch_tanh,Om0,truncated_gaussian,0.3175,0.0275,0.36051,0.01604,0.4167,1.564,
host_col/ssfr_none_hcol_sigmoid_C0_mass_sigmoid_xihcolmass,Om0,truncated_gaussian,0.3175,0.0275,0.35067,0.01603,0.4171,1.2062,
ssfr/ssfr_step_F0_hcol_broken_mass_step,Om0,truncated_gaussian,0.3175,0.0275,0.35417,0.01603,0.4171,1.3335,
ssfr/ssfr_tanh_F0ftau_hcol_sigmoid_mass_step,Om0,truncated_gaussian,0.3175,0.0275,0.35402,0.01603,0.4171,1.328,
sncolour/sncolour_broken_c0,Om0,truncated_gaussian,0.3175,0.0275,0.3571,0.01603,0.4171,1.44,
ssfr/ssfr_sigmoid_F0ftau_hcol_asymm_mass_step,Om0,truncated_gaussian,0.3175,0.0275,0.35431,0.01603,0.4171,1.3385,
stretch/stretch_softbroken,Om0,truncated_gaussian,0.3175,0.0275,0.36136,0.01602,0.4175,1.5949,
ssfr/ssfr_linear_hcol_linear_mass_gaussian_weight,Om0,truncated_gaussian,0.3175,0.0275,0.36128,0.01602,0.4175,1.592,
host_col/ssfr_none_hcol_linear_mass_double_step,Om0,truncated_gaussian,0.3175,0.0275,0.34873,0.01602,0.4175,1.1356,
ssfr/ssfr_step_hcol_asymm_C0htau_mass_step,Om0,truncated_gaussian,0.3175,0.0275,0.3571,0.01602,0.4175,1.44,
ssfr/ssfr_tanh_hcol_broken_mass_step,Om0,truncated_gaussian,0.3175,0.0275,0.35689,0.01602,0.4175,1.4324,
host_col/ssfr_none_hcol_quadratic_C0_mass_linear_xihcolmass,Om0,truncated_gaussian,0.3175,0.0275,0.34368,0.01602,0.4175,0.952,
ssfr/ssfr_tanh_F0ftau_hcol_broken_mass_none,Om0,truncated_gaussian,0.3175,0.0275,0.3588,0.01602,0.4175,1.5018,
ssfr/ssfr_linear_hcol_quadratic_mass_spline,Om0,truncated_gaussian,0.3175,0.0275,0.34857,0.01602,0.4175,1.1298,
ssfr/ssfr_tanh_F0ftau_hcol_quadratic_mass_sigmoid,Om0,truncated_gaussian,0.3175,0.0275,0.34796,0.01602,0.4175,1.1076,
ssfr/ssfr_sigmoid_F0ftau_hcol_quadratic_mass_step,Om0,truncated_gaussian,0.3175,0.0275,0.3539,0.01601,0.4178,1.3236,
ssfr/ssfr_step_F0_hcol_sigmoid_mass_step,Om0,truncated_gaussian,0.3175,0.0275,0.3543,0.01601,0.4178,1.3382,
ssfr/ssfr_tanh_hcol_asymm_mass_step,Om0,truncated_gaussian,0.3175,0.0275,0.35701,0.01601,0.4178,1.4367,
ssfr/ssfr_tanh_hcol_none_mass_spline,Om0,truncated_gaussian,0.3175,0.0275,0.35218,0.01601,0.4178,1.2611,
ssfr/ssfr_step_F0_hcol_broken_mass_sigmoid,Om0,truncated_gaussian,0.3175,0.0275,0.34909,0.01601,0.4178,1.1487,
ssfr/ssfr_linear_hcol_tanh_mass_step,Om0,truncated_gaussian,0.3175,0.0275,0.35321,0.01601,0.4178,1.2985,
evolution/zevolve_linear_a,Om0,truncated_gaussian,0.3175,0.0275,0.35868,0.01601,0.4178,1.4975,
sncolour/sncolour_stepbroken_sntau,Om0,truncated_gaussian,0.3175,0.0275,0.36287,0.016,0.4182,1.6498,
host_col/ssfr_none_hcol_linear_mass_step_xihcolmass,Om0,truncated_gaussian,0.3175,0.0275,0.35626,0.016,0.4182,1.4095,
host_col/ssfr_none_hcol_asymm_C0htau_mass_sigmoid_xihcolmass,Om0,truncated_gaussian,0.3175,0.0275,0.34985,0.016,0.4182,1.1764,
ssfr/ssfr_tanh_F0ftau_hcol_tanh_mass_spline,Om0,truncated_gaussian,0.3175,0.0275,0.35001,0.016,0.4182,1.1822,
ssfr/ssfr_linear_hcol_linear_mass_linear_xisSFRmass,Om0,truncated_gaussian,0.3175,0.0275,0.34656,0.016,0.4182,1.0567,
host_col/ssfr_none_hcol_asymm_C0htau_mass_step,Om0,truncated_gaussian,0.3175,0.0275,0.35639,0.01599,0.4185,1.4142,
ssfr/ssfr_linear_hcol_tanh_mass_double_step,Om0,truncated_gaussian,0.3175,0.0275,0.34772,0.01599,0.4185,1.0989,
host_col/ssfr_none_hcol_sigmoid_C0_mass_double_step,Om0,truncated_gaussian,0.3175,0.0275,0.34783,0.01599,0.4185,1.1029,
stretch/stretch_stepbroken_x1tau,Om0,truncated_gaussian,0.3175,0.0275,0.35688,0.01599,0.4185,1.432,
host_col/ssfr_none_hcol_asymm_C0htau_mass_sigmoid_M0xihcolmass,Om0,truncated_gaussian,0.3175,0.0275,0.34922,0.01599,0.4185,1.1535,
stretch/stretch_doublebroken_x10x1tau,Om0,truncated_gaussian,0.3175,0.0275,0.35712,0.01599,0.4185,1.4407,
ssfr/ssfr_sigmoid_F0ftau_hcol_quadratic_mass_spline,Om0,truncated_gaussian,0.3175,0.0275,0.35015,0.01598,0.4189,1.1873,
stretch/stretch_softbroken_x1tau,Om0,truncated_gaussian,0.3175,0.0275,0.36139,0.01598,0.4189,1.596,
ssfr/ssfr_step_hcol_tanh_C0_mass_step_xisSFRmassxisSFRhcolxihcolmassomega,Om0,truncated_gaussian,0.3175,0.0275,0.35433,0.01598,0.4189,1.3393,
ssfr/ssfr_linear_hcol_quadratic_mass_linear,Om0,truncated_gaussian,0.3175,0.0275,0.34349,0.01598,0.4189,0.9451,
ssfr/ssfr_step_hcol_linear_mass_step_xihcolmass,Om0,truncated_gaussian,0.3175,0.0275,0.35796,0.01598,0.4189,1.4713,
host_col/ssfr_none_hcol_linear_mass_step,Om0,truncated_gaussian,0.3175,0.0275,0.35748,0.01598,0.4189,1.4538,
stretch/stretch_quadratic_x10,Om0,truncated_gaussian,0.3175,0.0275,0.35694,0.01597,0.4193,1.4342,
stretch/stretch_powerlaw_x1tau,Om0,truncated_gaussian,0.3175,0.0275,0.35676,0.01597,0.4193,1.4276,
host_col/ssfr_none_hcol_quadratic_C0_mass_double_step,Om0,truncated_gaussian,0.3175,0.0275,0.34527,0.01597,0.4193,1.0098,
host_col/ssfr_none_hcol_broken_C0_mass_step,Om0,truncated_gaussian,0.3175,0.0275,0.35722,0.01597,0.4193,1.4444,
host_col/ssfr_none_hcol_broken_C0_mass_sigmoid_tauxihcolmass,Om0,truncated_gaussian,0.3175,0.0275,0.34836,0.01596,0.4196,1.1222,
ssfr/ssfr_tanh_hcol_quadratic_mass_step,Om0,truncated_gaussian,0.3175,0.0275,0.35634,0.01596,0.4196,1.4124,
ssfr/ssfr_tanh_hcol_linear_mass_sigmoid,Om0,truncated_gaussian,0.3175,0.0275,0.35083,0.01596,0.4196,1.212,
ssfr/ssfr_tanh_hcol_sigmoid_mass_step,Om0,truncated_gaussian,0.3175,0.0275,0.35658,0.01596,0.4196,1.4211,
stretch/stretch_asymm_gauss_weight,Om0,truncated_gaussian,0.3175,0.0275,0.35958,0.01595,0.42,1.5302,
host_col/ssfr_none_hcol_quadratic_C0_mass_linear,Om0,truncated_gaussian,0.3175,0.0275,0.34269,0.01595,0.42,0.916,
ssfr/ssfr_tanh_hcol_broken_mass_sigmoid,Om0,truncated_gaussian,0.3175,0.0275,0.35101,0.01595,0.42,1.2185,
sncolour/sncolour_tanh_c0,Om0,truncated_gaussian,0.3175,0.0275,0.36297,0.01595,0.42,1.6535,
ssfr/ssfr_step_F0_hcol_asymm_mass_gaussian_weight,Om0,truncated_gaussian,0.3175,0.0275,0.35808,0.01595,0.42,1.4756,
host_col/ssfr_none_hcol_tanh_C0_mass_step,Om0,truncated_gaussian,0.3175,0.0275,0.35607,0.01595,0.42,1.4025,
ssfr/ssfr_sigmoid_F0ftau_hcol_linear_mass_none,Om0,truncated_gaussian,0.3175,0.0275,0.35858,0.01595,0.42,1.4938,
sncolour/sncolour_asymm_gauss_weight_sntau,Om0,truncated_gaussian,0.3175,0.0275,0.3571,0.01594,0.4204,1.44,
ssfr/ssfr_tanh_F0ftau_hcol_quadratic_mass_none,Om0,truncated_gaussian,0.3175,0.0275,0.35772,0.01594,0.4204,1.4625,
ssfr/ssfr_sigmoid_F0ftau_hcol_none_mass_double_step,Om0,truncated_gaussian,0.3175,0.0275,0.35178,0.01594,0.4204,1.2465,
ssfr/ssfr_sigmoid_F0ftau_hcol_asymm_mass_gaussian_weight,Om0,truncated_gaussian,0.3175,0.0275,0.35767,0.01594,0.4204,1.4607,
ssfr/ssfr_tanh_F0ftau_hcol_asymm_mass_step,Om0,truncated_gaussian,0.3175,0.0275,0.35405,0.01594,0.4204,1.3291,
ssfr/ssfr_tanh_F0ftau_hcol_asymm_mass_gaussian_weight,Om0,truncated_gaussian,0.3175,0.0275,0.358,0.01594,0.4204,1.4727,
ssfr/ssfr_tanh_hcol_linear_mass_gaussian_weight,Om0,truncated_gaussian,0.3175,0.0275,0.36258,0.01593,0.4207,1.6393,
stretch/stretch_tanh_x10,Om0,truncated_gaussian,0.3175,0.0275,0.35797,0.01593,0.4207,1.4716,
ssfr/ssfr_sigmoid_F0ftau_hcol_broken_mass_none,Om0,truncated_gaussian,0.3175,0.0275,0.35891,0.01593,0.4207,1.5058,
ssfr/ssfr_linear_hcol_quadratic_mass_step,Om0,truncated_gaussian,0.3175,0.0275,0.35464,0.01593,0.4207,1.3505,
ssfr/ssfr_tanh_hcol_sigmoid_mass_double_step,Om0,truncated_gaussian,0.3175,0.0275,0.35273,0.01592,0.4211,1.2811,
stretch/stretch_stepbroken_x10x1tau,Om0,truncated_gaussian,0.3175,0.0275,0.35685,0.01592,0.4211,1.4309,
ssfr/ssfr_tanh_hcol_quadratic_mass_spline,Om0,truncated_gaussian,0.3175,0.0275,0.35129,0.01591,0.4215,1.2287,
host_col/ssfr_none_hcol_tanh_C0_mass_none,Om0,truncated_gaussian,0.3175,0.0275,0.36015,0.01591,0.4215,1.5509,
ssfr/ssfr_step_F0_hcol_linear_mass_step,Om0,truncated_gaussian,0.3175,0.0275,0.35431,0.01591,0.4215,1.3385,
ssfr/ssfr_linear_hcol_sigmoid_mass_sigmoid,Om0,truncated_gaussian,0.3175,0.0275,0.35011,0.01591,0.4215,1.1858,
ssfr/ssfr_linear_hcol_asymm_mass_step,Om0,truncated_gaussian,0.3175,0.0275,0.3563,0.0159,0.4218,1.4109,
ssfr/ssfr_tanh_F0ftau_hcol_linear_mass_sigmoid,Om0,truncated_gaussian,0.3175,0.0275,0.34915,0.0159,0.4218,1.1509,
ssfr/ssfr_sigmoid_F0ftau_hcol_tanh_mass_spline,Om0,truncated_gaussian,0.3175,0.0275,0.35033,0.0159,0.4218,1.1938,
ssfr/ssfr_step_F0_hcol_asymm_mass_step,Om0,truncated_gaussian,0.3175,0.0275,0.35399,0.0159,0.4218,1.3269,
baseline,Om0,truncated_gaussian,0.3175,0.0275,0.35709,0.0159,0.4218,1.4396,
host_col/ssfr_none_hcol_sigmoid_C0_mass_step,Om0,truncated_gaussian,0.3175,0.0275,0.35624,0.0159,0.4218,1.4087,
ssfr/ssfr_sigmoid_F0ftau_hcol_quadratic_mass_double_step,Om0,truncated_gaussian,0.3175,0.0275,0.35101,0.0159,0.4218,1.2185,
ssfr/ssfr_sigmoid_F0ftau_hcol_quadratic_mass_gaussian_weight,Om0,truncated_gaussian,0.3175,0.0275,0.35705,0.0159,0.4218,1.4382,
nuisance/nogamma,Om0,truncated_gaussian,0.3175,0.0275,0.36125,0.0159,0.4218,1.5909,
ssfr/ssfr_sigmoid_F0ftau_hcol_broken_mass_gaussian_weight,Om0,truncated_gaussian,0.3175,0.0275,0.35822,0.0159,0.4218,1.4807,
stretch/stretch_asymm_gauss_weight_x10x1tau,Om0,truncated_gaussian,0.3175,0.0275,0.34638,0.0159,0.4218,1.0502,
ssfr/ssfr_step_F0_hcol_quadratic_mass_none,Om0,truncated_gaussian,0.3175,0.0275,0.35781,0.0159,0.4218,1.4658,
ssfr/ssfr_linear_hcol_linear_mass_step,Om0,truncated_gaussian,0.3175,0.0275,0.35699,0.0159,0.4218,1.436,
ssfr/ssfr_sigmoid_F0ftau_hcol_tanh_mass_none,Om0,truncated_gaussian,0.3175,0.0275,0.35665,0.01589,0.4222,1.4236,
ssfr/ssfr_step_F0_hcol_sigmoid_mass_gaussian_weight,Om0,truncated_gaussian,0.3175,0.0275,0.35759,0.01589,0.4222,1.4578,
ssfr/ssfr_sigmoid_F0ftau_hcol_none_mass_sigmoid,Om0,truncated_gaussian,0.3175,0.0275,0.35179,0.01589,0.4222,1.2469,
ssfr/ssfr_sigmoid_F0ftau_hcol_asymm_mass_spline,Om0,truncated_gaussian,0.3175,0.0275,0.35028,0.01589,0.4222,1.192,
ssfr/ssfr_step_F0_hcol_tanh_mass_double_step,Om0,truncated_gaussian,0.3175,0.0275,0.35054,0.01589,0.4222,1.2015,
ssfr/ssfr_tanh_hcol_tanh_mass_double_step,Om0,truncated_gaussian,0.3175,0.0275,0.35295,0.01589,0.4222,1.2891,
ssfr/ssfr_step_F0_hcol_broken_mass_none,Om0,truncated_gaussian,0.3175,0.0275,0.35879,0.01589,0.4222,1.5015,
host_col/ssfr_none_hcol_quadratic_C0_mass_sigmoid_xihcolmass,Om0,truncated_gaussian,0.3175,0.0275,0.34754,0.01589,0.4222,1.0924,
ssfr/ssfr_tanh_F0ftau_hcol_asymm_mass_sigmoid,Om0,truncated_gaussian,0.3175,0.0275,0.34862,0.01589,0.4222,1.1316,
ssfr/ssfr_step_F0_hcol_quadratic_mass_spline,Om0,truncated_gaussian,0.3175,0.0275,0.35018,0.01588,0.4225,1.1884,
sncolour/sncolour_stepbroken,Om0,truncated_gaussian,0.3175,0.0275,0.33644,0.01588,0.4225,0.6887,
ssfr/ssfr_step_hcol_tanh_C0_mass_step_xisSFRhcol,Om0,truncated_gaussian,0.3175,0.0275,0.35586,0.01588,0.4225,1.3949,
stretch/stretch_sigmoid_x1tau,Om0,truncated_gaussian,0.3175,0.0275,0.35701,0.01588,0.4225,1.4367,
ssfr/ssfr_step_F0_hcol_tanh_C0_mass_step_M0,Om0,truncated_gaussian,0.3175,0.0275,0.35112,0.01588,0.4225,1.2225,
host_col/ssfr_none_hcol_linear_mass_tanh,Om0,truncated_gaussian,0.3175,0.0275,0.35473,0.01588,0.4225,1.3538,
ssfr/ssfr_step_hcol_quadratic_C0_mass_step,Om0,truncated_gaussian,0.3175,0.0275,0.35624,0.01588,0.4225,1.4087,
ssfr/ssfr_linear_hcol_tanh_mass_sigmoid_M0tau,Om0,truncated_gaussian,0.3175,0.0275,0.34387,0.01588,0.4225,0.9589,
ssfr/ssfr_tanh_F0ftau_hcol_quadratic_mass_step,Om0,truncated_gaussian,0.3175,0.0275,0.35365,0.01587,0.4229,1.3145,
ssfr/ssfr_sigmoid_F0ftau_hcol_quadratic_mass_none,Om0,truncated_gaussian,0.3175,0.0275,0.35759,0.01587,0.4229,1.4578,
host_col/ssfr_none_hcol_tanh_C0_mass_step_xihcolmass,Om0,truncated_gaussian,0.3175,0.0275,0.35422,0.01587,0.4229,1.3353,
stretch/stretch_powerlaw,Om0,truncated_gaussian,0.3175,0.0275,0.35709,0.01587,0.4229,1.4396,
ssfr/ssfr_step_hcol_sigmoid_C0_mass_step_xisSFRhcol,Om0,truncated_gaussian,0.3175,0.0275,0.35786,0.01587,0.4229,1.4676,
ssfr/ssfr_sigmoid_F0ftau_hcol_none_mass_sigmoid_M0tau,Om0,truncated_gaussian,0.3175,0.0275,0.34922,0.01587,0.4229,1.1535,
ssfr/ssfr_sigmoid_F0ftau_hcol_sigmoid_mass_gaussian_weight,Om0,truncated_gaussian,0.3175,0.0275,0.35777,0.01586,0.4233,1.4644,
ssfr/ssfr_tanh_hcol_tanh_mass_none,Om0,truncated_gaussian,0.3175,0.0275,0.36084,0.01586,0.4233,1.576,
ssfr/ssfr_linear_hcol_tanh_mass_gaussian_weight,Om0,truncated_gaussian,0.3175,0.0275,0.36066,0.01586,0.4233,1.5695,
ssfr/ssfr_linear_hcol_tanh_mass_spline,Om0,truncated_gaussian,0.3175,0.0275,0.34696,0.01585,0.4236,1.0713,
ssfr/ssfr_linear_hcol_tanh_mass_none,Om0,truncated_gaussian,0.3175,0.0275,0.36079,0.01585,0.4236,1.5742,
ssfr/ssfr_linear_hcol_sigmoid_mass_step,Om0,truncated_gaussian,0.3175,0.0275,0.35543,0.01585,0.4236,1.3793,
ssfr/ssfr_tanh_F0ftau_hcol_quadratic_mass_gaussian_weight,Om0,truncated_gaussian,0.3175,0.0275,0.35705,0.01585,0.4236,1.4382,
stretch/stretch_powerlaw_x10x1tau,Om0,truncated_gaussian,0.3175,0.0275,0.35683,0.01585,0.4236,1.4302,
ssfr/ssfr_tanh_F0ftau_hcol_none_mass_sigmoid_M0tau,Om0,truncated_gaussian,0.3175,0.0275,0.34888,0.01585,0.4236,1.1411,
ssfr/ssfr_step_F0_hcol_none_mass_linear,Om0,truncated_gaussian,0.3175,0.0275,0.34804,0.01584,0.424,1.1105,
sncolour/sncolour_dust,Om0,truncated_gaussian,0.3175,0.0275,0.35714,0.01584,0.424,1.4415,
ssfr/ssfr_linear_hcol_broken_mass_gaussian_weight,Om0,truncated_gaussian,0.3175,0.0275,0.36145,0.01584,0.424,1.5982,
host_col/ssfr_none_hcol_quadratic_C0_mass_none,Om0,truncated_gaussian,0.3175,0.0275,0.36098,0.01584,0.424,1.5811,
nuisance/noalpha,Om0,truncated_gaussian,0.3175,0.0275,0.34842,0.01584,0.424,1.1244,
host_col/ssfr_none_hcol_quadratic_C0_mass_step_xihcolmass,Om0,truncated_gaussian,0.3175,0.0275,0.35298,0.01584,0.424,1.2902,
ssfr/ssfr_tanh_F0ftau_hcol_tanh_mass_step,Om0,truncated_gaussian,0.3175,0.0275,0.35375,0.01584,0.424,1.3182,
ssfr/ssfr_tanh_F0ftau_hcol_linear_mass_gaussian_weight,Om0,truncated_gaussian,0.3175,0.0275,0.35829,0.01583,0.4244,1.4833,
ssfr/ssfr_step_F0_hcol_linear_mass_none,Om0,truncated_gaussian,0.3175,0.0275,0.35875,0.01583,0.4244,1.5,
host_col/ssfr_none_hcol_quadratic_C0_mass_step,Om0,truncated_gaussian,0.3175,0.0275,0.35464,0.01583,0.4244,1.3505,
ssfr/ssfr_step_F0_hcol_tanh_mass_step,Om0,truncated_gaussian,0.3175,0.0275,0.35363,0.01583,0.4244,1.3138,
ssfr/ssfr_step_F0_hcol_sigmoid_mass_none,Om0,truncated_gaussian,0.3175,0.0275,0.35806,0.01582,0.4247,1.4749,
ssfr/ssfr_step_F0_hcol_sigmoid_mass_double_step,Om0,truncated_gaussian,0.3175,0.0275,0.35091,0.01582,0.4247,1.2149,
ssfr/ssfr_step_F0_hcol_none_mass_sigmoid,Om0,truncated_gaussian,0.3175,0.0275,0.35135,0.01582,0.4247,1.2309,
ssfr/ssfr_step_hcol_tanh_C0_mass_step,Om0,truncated_gaussian,0.3175,0.0275,0.3558,0.01582,0.4247,1.3927,
ssfr/ssfr_step_F0_hcol_tanh_mass_none,Om0,truncated_gaussian,0.3175,0.0275,0.35715,0.01582,0.4247,1.4418,
ssfr/ssfr_tanh_hcol_none_mass_step,Om0,truncated_gaussian,0.3175,0.0275,0.35615,0.01582,0.4247,1.4055,
ssfr/ssfr_step_F0_hcol_none_mass_sigmoid_M0tau,Om0,truncated_gaussian,0.3175,0.0275,0.349,0.01582,0.4247,1.1455,
ssfr/ssfr_sigmoid_F0ftau_hcol_none_mass_gaussian_weight,Om0,truncated_gaussian,0.3175,0.0275,0.35601,0.01581,0.4251,1.4004,
ssfr/ssfr_linear_hcol_quadratic_mass_sigmoid,Om0,truncated_gaussian,0.3175,0.0275,0.3485,0.01581,0.4251,1.1273,
ssfr/ssfr_tanh_hcol_quadratic_mass_none,Om0,truncated_gaussian,0.3175,0.0275,0.36229,0.01581,0.4251,1.6287,
ssfr/ssfr_tanh_hcol_none_mass_gaussian_weight,Om0,truncated_gaussian,0.3175,0.0275,0.36076,0.01581,0.4251,1.5731,
ssfr/ssfr_tanh_hcol_broken_mass_gaussian_weight,Om0,truncated_gaussian,0.3175,0.0275,0.36286,0.01581,0.4251,1.6495,
ssfr/ssfr_tanh_hcol_broken_mass_none,Om0,truncated_gaussian,0.3175,0.0275,0.36295,0.01581,0.4251,1.6527,
ssfr/ssfr_step_F0_hcol_none_mass_spline,Om0,truncated_gaussian,0.3175,0.0275,0.35089,0.01581,0.4251,1.2142,
ssfr/ssfr_tanh_F0ftau_hcol_none_mass_linear,Om0,truncated_gaussian,0.3175,0.0275,0.34787,0.01581,0.4251,1.1044,
ssfr/ssfr_linear_hcol_tanh_mass_sigmoid,Om0,truncated_gaussian,0.3175,0.0275,0.34735,0.0158,0.4255,1.0855,
ssfr/ssfr_sigmoid_hcol_linear_mass_step,Om0,truncated_gaussian,0.3175,0.0275,0.35605,0.0158,0.4255,1.4018,
ssfr/ssfr_step_hcol_none_mass_step,Om0,truncated_gaussian,0.3175,0.0275,0.3557,0.0158,0.4255,1.3891,
ssfr/ssfr_sigmoid_F0ftau_hcol_linear_mass_gaussian_weight,Om0,truncated_gaussian,0.3175,0.0275,0.35857,0.0158,0.4255,1.4935,
interaction/interaction_gammaalpha,Om0,truncated_gaussian,0.3175,0.0275,0.35628,0.0158,0.4255,1.4102,
ssfr/ssfr_tanh_hcol_asymm_mass_none,Om0,truncated_gaussian,0.3175,0.0275,0.36289,0.0158,0.4255,1.6505,
host_col/ssfr_none_hcol_broken_C0_mass_none,Om0,truncated_gaussian,0.3175,0.0275,0.36071,0.0158,0.4255,1.5713,
ssfr/ssfr_tanh_hcol_sigmoid_mass_none,Om0,truncated_gaussian,0.3175,0.0275,0.36246,0.0158,0.4255,1.6349,
ssfr/ssfr_tanh_F0ftau_hcol_none_mass_spline,Om0,truncated_gaussian,0.3175,0.0275,0.3509,0.0158,0.4255,1.2145,
ssfr/ssfr_linear_hcol_linear_mass_none,Om0,truncated_gaussian,0.3175,0.0275,0.36171,0.01579,0.4258,1.6076,
host_col/ssfr_none_hcol_asymm_C0htau_mass_none,Om0,truncated_gaussian,0.3175,0.0275,0.36054,0.01579,0.4258,1.5651,
ssfr/ssfr_tanh_F0ftau_hcol_none_mass_sigmoid,Om0,truncated_gaussian,0.3175,0.0275,0.35129,0.01579,0.4258,1.2287,
ssfr/ssfr_step_F0_hcol_quadratic_mass_step,Om0,truncated_gaussian,0.3175,0.0275,0.35355,0.01579,0.4258,1.3109,
interaction/interaction_betaalphagammaalphabetagamma,Om0,truncated_gaussian,0.3175,0.0275,0.35595,0.01579,0.4258,1.3982,
ssfr/ssfr_sigmoid_F0ftau_hcol_tanh_mass_gaussian_weight,Om0,truncated_gaussian,0.3175,0.0275,0.35622,0.01578,0.4262,1.408,
sncolour/sncolour_dust_sntau,Om0,truncated_gaussian,0.3175,0.0275,0.35748,0.01578,0.4262,1.4538,
ssfr/ssfr_step_F0_hcol_quadratic_mass_gaussian_weight,Om0,truncated_gaussian,0.3175,0.0275,0.35753,0.01578,0.4262,1.4556,
ssfr/ssfr_linear_hcol_none_mass_step,Om0,truncated_gaussian,0.3175,0.0275,0.35019,0.01577,0.4265,1.1887,
ssfr/ssfr_tanh_hcol_tanh_mass_gaussian_weight,Om0,truncated_gaussian,0.3175,0.0275,0.3609,0.01577,0.4265,1.5782,
ssfr/ssfr_sigmoid_F0ftau_hcol_sigmoid_mass_none,Om0,truncated_gaussian,0.3175,0.0275,0.35808,0.01577,0.4265,1.4756,
ssfr/ssfr_tanh_hcol_tanh_C0_mass_step,Om0,truncated_gaussian,0.3175,0.0275,0.35636,0.01577,0.4265,1.4131,
ssfr/ssfr_tanh_F0ftau_hcol_asymm_mass_none,Om0,truncated_gaussian,0.3175,0.0275,0.35869,0.01577,0.4265,1.4978,
ssfr/ssfr_linear_hcol_asymm_mass_gaussian_weight,Om0,truncated_gaussian,0.3175,0.0275,0.36106,0.01577,0.4265,1.584,
ssfr/ssfr_tanh_F0ftau_hcol_none_mass_step,Om0,truncated_gaussian,0.3175,0.0275,0.35397,0.01577,0.4265,1.3262,
ssfr/ssfr_linear_hcol_sigmoid_mass_none,Om0,truncated_gaussian,0.3175,0.0275,0.36156,0.01577,0.4265,1.6022,
ssfr/ssfr_linear_hcol_none_mass_sigmoid_M0tau,Om0,truncated_gaussian,0.3175,0.0275,0.34337,0.01576,0.4269,0.9407,
ssfr/ssfr_step_hcol_linear_mass_none,Om0,truncated_gaussian,0.3175,0.0275,0.363,0.01576,0.4269,1.6545,
ssfr/ssfr_tanh_hcol_asymm_mass_gaussian_weight,Om0,truncated_gaussian,0.3175,0.0275,0.36222,0.01576,0.4269,1.6262,
ssfr/ssfr_sigmoid_F0ftau_hcol_none_mass_linear,Om0,truncated_gaussian,0.3175,0.0275,0.34875,0.01575,0.4273,1.1364,
ssfr/ssfr_tanh_F0ftau_hcol_sigmoid_mass_none,Om0,truncated_gaussian,0.3175,0.0275,0.35827,0.01575,0.4273,1.4825,
host_col/ssfr_none_hcol_tanh_C0htau_mass_none,Om0,truncated_gaussian,0.3175,0.0275,0.35659,0.01575,0.4273,1.4215,
ssfr/ssfr_step_F0_hcol_broken_mass_gaussian_weight,Om0,truncated_gaussian,0.3175,0.0275,0.35864,0.01575,0.4273,1.496,
ssfr/ssfr_sigmoid_F0ftau_hcol_none_mass_step,Om0,truncated_gaussian,0.3175,0.0275,0.3542,0.01575,0.4273,1.3345,
ssfr/ssfr_sigmoid_F0ftau_hcol_sigmoid_mass_step,Om0,truncated_gaussian,0.3175,0.0275,0.35494,0.01574,0.4276,1.3615,
ssfr/ssfr_linear_hcol_sigmoid_mass_gaussian_weight,Om0,truncated_gaussian,0.3175,0.0275,0.36092,0.01574,0.4276,1.5789,
host_col/ssfr_none_hcol_sigmoid_C0_mass_none,Om0,truncated_gaussian,0.3175,0.0275,0.36092,0.01573,0.428,1.5789,
ssfr/ssfr_sigmoid_F0ftau_hcol_tanh_mass_double_step,Om0,truncated_gaussian,0.3175,0.0275,0.35124,0.01573,0.428,1.2269,
ssfr/ssfr_linear_hcol_asymm_mass_none,Om0,truncated_gaussian,0.3175,0.0275,0.36141,0.01573,0.428,1.5967,
ssfr/ssfr_tanh_F0ftau_hcol_tanh_mass_none,Om0,truncated_gaussian,0.3175,0.0275,0.35642,0.01573,0.428,1.4153,
ssfr/ssfr_tanh_F0ftau_hcol_none_mass_none,Om0,truncated_gaussian,0.3175,0.0275,0.35672,0.01573,0.428,1.4262,
ssfr/ssfr_tanh_F0ftau_hcol_none_mass_double_step,Om0,truncated_gaussian,0.3175,0.0275,0.35137,0.01572,0.4284,1.2316,
ssfr/ssfr_tanh_hcol_linear_mass_none,Om0,truncated_gaussian,0.3175,0.0275,0.36283,0.01572,0.4284,1.6484,
ssfr/ssfr_linear_hcol_quadratic_mass_none,Om0,truncated_gaussian,0.3175,0.0275,0.36146,0.01571,0.4287,1.5985,
ssfr/ssfr_step_F0_hcol_none_mass_double_step,Om0,truncated_gaussian,0.3175,0.0275,0.35139,0.0157,0.4291,1.2324,
ssfr/ssfr_step_hcol_none_mass_none,Om0,truncated_gaussian,0.3175,0.0275,0.3609,0.0157,0.4291,1.5782,
ssfr/ssfr_tanh_F0ftau_hcol_sigmoid_mass_gaussian_weight,Om0,truncated_gaussian,0.3175,0.0275,0.35755,0.0157,0.4291,1.4564,
ssfr/ssfr_tanh_F0ftau_hcol_tanh_mass_gaussian_weight,Om0,truncated_gaussian,0.3175,0.0275,0.35605,0.0157,0.4291,1.4018,
ssfr/ssfr_step_F0_hcol_none_mass_step,Om0,truncated_gaussian,0.3175,0.0275,0.35394,0.01569,0.4295,1.3251,
ssfr/ssfr_tanh_hcol_sigmoid_mass_gaussian_weight,Om0,truncated_gaussian,0.3175,0.0275,0.36192,0.01569,0.4295,1.6153,
ssfr/ssfr_tanh_hcol_none_mass_sigmoid,Om0,truncated_gaussian,0.3175,0.0275,0.35353,0.01568,0.4298,1.3102,
ssfr/ssfr_linear_hcol_broken_mass_none,Om0,truncated_gaussian,0.3175,0.0275,0.36178,0.01568,0.4298,1.6102,
ssfr/ssfr_linear_hcol_quadratic_mass_gaussian_weight,Om0,truncated_gaussian,0.3175,0.0275,0.36132,0.01568,0.4298,1.5935,
ssfr/ssfr_tanh_hcol_none_mass_double_step,Om0,truncated_gaussian,0.3175,0.0275,0.35336,0.01567,0.4302,1.304,
ssfr/ssfr_tanh_hcol_tanh_C0_mass_step_xisSFRhcol,Om0,truncated_gaussian,0.3175,0.0275,0.35623,0.01566,0.4305,1.4084,
ssfr/ssfr_step_F0_hcol_none_mass_none,Om0,truncated_gaussian,0.3175,0.0275,0.3566,0.01566,0.4305,1.4218,
ssfr/ssfr_tanh_hcol_none_mass_linear,Om0,truncated_gaussian,0.3175,0.0275,0.34956,0.01565,0.4309,1.1658,
ssfr/ssfr_tanh_hcol_quadratic_mass_gaussian_weight,Om0,truncated_gaussian,0.3175,0.0275,0.36187,0.01565,0.4309,1.6135,
ssfr/ssfr_step_F0_hcol_tanh_mass_gaussian_weight,Om0,truncated_gaussian,0.3175,0.0275,0.35616,0.01565,0.4309,1.4058,
ssfr/ssfr_linear_hcol_none_mass_spline,Om0,truncated_gaussian,0.3175,0.0275,0.34564,0.01564,0.4313,1.0233,
ssfr/ssfr_linear_hcol_none_mass_sigmoid,Om0,truncated_gaussian,0.3175,0.0275,0.34735,0.01564,0.4313,1.0855,
host_col/ssfr_none_hcol_linear_mass_gaussian_weight_M0,Om0,truncated_gaussian,0.3175,0.0275,0.36043,0.01564,0.4313,1.5611,
ssfr/ssfr_linear_hcol_none_mass_double_step,Om0,truncated_gaussian,0.3175,0.0275,0.34657,0.01564,0.4313,1.0571,
ssfr/ssfr_sigmoid_F0ftau_hcol_none_mass_none,Om0,truncated_gaussian,0.3175,0.0275,0.3563,0.01563,0.4316,1.4109,
ssfr/ssfr_sigmoid_F0ftau_hcol_none_mass_spline,Om0,truncated_gaussian,0.3175,0.0275,0.35152,0.01562,0.432,1.2371,
ssfr/ssfr_tanh_hcol_none_mass_none,Om0,truncated_gaussian,0.3175,0.0275,0.3608,0.01562,0.432,1.5745,
ssfr/ssfr_linear_hcol_none_mass_linear,Om0,truncated_gaussian,0.3175,0.0275,0.34356,0.01561,0.4324,0.9476,
ssfr/ssfr_sigmoid_F0ftau_hcol_tanh_mass_step,Om0,truncated_gaussian,0.3175,0.0275,0.35407,0.01561,0.4324,1.3298,
mass/mass_step,Om0,truncated_gaussian,0.3175,0.0275,0.34302,0.01561,0.4324,0.928,
host_col/ssfr_none_hcol_linear_mass_gaussian_weight,Om0,truncated_gaussian,0.3175,0.0275,0.36074,0.0156,0.4327,1.5724,
ssfr/ssfr_step_F0_hcol_none_mass_gaussian_weight,Om0,truncated_gaussian,0.3175,0.0275,0.35615,0.01559,0.4331,1.4055,
ssfr/ssfr_tanh_F0ftau_hcol_none_mass_gaussian_weight,Om0,truncated_gaussian,0.3175,0.0275,0.35598,0.01559,0.4331,1.3993,
ssfr/ssfr_linear_hcol_none_mass_gaussian_weight,Om0,truncated_gaussian,0.3175,0.0275,0.35517,0.01558,0.4335,1.3698,
host_col/ssfr_none_hcol_linear_mass_none,Om0,truncated_gaussian,0.3175,0.0275,0.36071,0.01557,0.4338,1.5713,
ssfr/ssfr_linear_hcol_none_mass_none,Om0,truncated_gaussian,0.3175,0.0275,0.35576,0.01555,0.4345,1.3913,
mass/mass_gaussian_weight,Om0,truncated_gaussian,0.3175,0.0275,0.34675,0.01553,0.4353,1.0636,
host_col/ssfr_none_hcol_tanh_C0htau_mass_step,Om0,truncated_gaussian,0.3175,0.0275,0.35219,0.01552,0.4356,1.2615,
mass/mass_sigmoid,Om0,truncated_gaussian,0.3175,0.0275,0.33985,0.0155,0.4364,0.8127,
mass/mass_gaussian_weight_M0tau,Om0,truncated_gaussian,0.3175,0.0275,0.34006,0.01545,0.4382,0.8204,
mass/mass_tanh_M0,Om0,truncated_gaussian,0.3175,0.0275,0.34026,0.01544,0.4385,0.8276,
mass/mass_sigmoid_M0,Om0,truncated_gaussian,0.3175,0.0275,0.33753,0.01543,0.4389,0.7284,
mass/mass_tanh_M0tau,Om0,truncated_gaussian,0.3175,0.0275,0.33605,0.01543,0.4389,0.6745,
mass/mass_step_M0,Om0,truncated_gaussian,0.3175,0.0275,0.33964,0.0154,0.44,0.8051,
nuisance/noalphabeta,Om0,truncated_gaussian,0.3175,0.0275,0.41766,0.0154,0.44,3.6422,prior_in_tension
nuisance/noalphagamma,Om0,truncated_gaussian,0.3175,0.0275,0.33455,0.01537,0.4411,0.62,
mass/mass_double_step_M0M1,Om0,truncated_gaussian,0.3175,0.0275,0.33592,0.01537,0.4411,0.6698,
mass/mass_double_step,Om0,truncated_gaussian,0.3175,0.0275,0.33738,0.01536,0.4415,0.7229,
mass/mass_sigmoid_M0tau,Om0,truncated_gaussian,0.3175,0.0275,0.33638,0.01535,0.4418,0.6865,
mass/mass_gaussian_weight_M0,Om0,truncated_gaussian,0.3175,0.0275,0.34625,0.01535,0.4418,1.0455,
mass/mass_linear,Om0,truncated_gaussian,0.3175,0.0275,0.33608,0.01532,0.4429,0.6756,
mass/mass_tanh,Om0,truncated_gaussian,0.3175,0.0275,0.34219,0.01529,0.444,0.8978,
mass/mass_none,Om0,truncated_gaussian,0.3175,0.0275,0.3472,0.01524,0.4458,1.08,
mass/mass_spline_k1k2k3,Om0,truncated_gaussian,0.3175,0.0275,0.33866,0.01518,0.448,0.7695,
sncolour/sncolour_tanh_c0,beta,truncated_gaussian,3.12,0.5,3.56745,0.26298,0.474,0.8949,
nuisance/nobetagamma,Om0,truncated_gaussian,0.3175,0.0275,0.42503,0.01444,0.4749,3.9102,prior_in_tension
nuisance/nobeta,Om0,truncated_gaussian,0.3175,0.0275,0.42679,0.01422,0.4829,3.9742,prior_in_tension
interaction/interaction_betaalphagammaalphabetagamma,alpha,truncated_gaussian,0.17,0.05,0.20619,0.02126,0.5748,0.7238,
interaction/interaction_betaalpha,alpha,truncated_gaussian,0.17,0.05,0.1951,0.01945,0.611,0.502,
interaction/interaction_betagamma,beta,truncated_gaussian,3.12,0.5,3.0119,0.11136,0.7773,-0.2162,
interaction/interaction_gammaalpha,alpha,truncated_gaussian,0.17,0.05,0.20529,0.01085,0.783,0.7058,
interaction/interaction_betaalphagammaalphabetagamma,beta,truncated_gaussian,3.12,0.5,3.02422,0.09233,0.8153,-0.1916,
sncolour/sncolour_asymm_gauss_weight,beta,truncated_gaussian,3.12,0.5,3.57341,0.06556,0.8689,0.9068,
sncolour/sncolour_asymm_gauss_weight_sntau,beta,truncated_gaussian,3.12,0.5,3.1067,0.05983,0.8803,-0.0266,
stretch/stretch_asymm_gauss_weight_x10x1tau,alpha,truncated_gaussian,0.17,0.05,0.25245,0.0058,0.884,1.649,
ssfr/ssfr_step_F0_hcol_linear_mass_step_M0xisSFRmassxisSFRhcolxihcolmassomega,alpha,truncated_gaussian,0.17,0.05,0.17407,0.00578,0.8844,0.0814,
host_col/ssfr_none_hcol_quadratic_C0_mass_sigmoid_M0xihcolmass,alpha,truncated_gaussian,0.17,0.05,0.1761,0.00576,0.8848,0.122,
ssfr/ssfr_sigmoid_F0ftau_hcol_linear_mass_spline,beta,truncated_gaussian,3.12,0.5,3.04151,0.05754,0.8849,-0.157,
ssfr/ssfr_step_hcol_tanh_C0_mass_step_xisSFRmassxisSFRhcolxihcolmassomega,beta,truncated_gaussian,3.12,0.5,3.04609,0.05748,0.885,-0.1478,
ssfr/ssfr_tanh_hcol_asymm_mass_spline,beta,truncated_gaussian,3.12,0.5,3.03668,0.05751,0.885,-0.1666,
ssfr/ssfr_step_hcol_linear_mass_step_xisSFRmassxisSFRhcol,beta,truncated_gaussian,3.12,0.5,3.04957,0.05724,0.8855,-0.1409,
ssfr/ssfr_step_F0_hcol_sigmoid_mass_linear,beta,truncated_gaussian,3.12,0.5,3.04766,0.05726,0.8855,-0.1447,
ssfr/ssfr_tanh_F0ftau_hcol_tanh_mass_sigmoid_M0tau,beta,truncated_gaussian,3.12,0.5,3.04846,0.05726,0.8855,-0.1431,
ssfr/ssfr_sigmoid_F0ftau_hcol_sigmoid_mass_sigmoid_M0tau,beta,truncated_gaussian,3.12,0.5,3.0451,0.05724,0.8855,-0.1498,
ssfr/ssfr_tanh_F0ftau_hcol_broken_mass_spline,beta,truncated_gaussian,3.12,0.5,3.04305,0.05723,0.8855,-0.1539,
ssfr/ssfr_sigmoid_F0ftau_hcol_asymm_mass_none,beta,truncated_gaussian,3.12,0.5,3.04596,0.05723,0.8855,-0.1481,
ssfr/ssfr_step_hcol_linear_mass_step,beta,truncated_gaussian,3.12,0.5,3.04848,0.05719,0.8856,-0.143,
ssfr/ssfr_tanh_hcol_linear_mass_gaussian_weight,beta,truncated_gaussian,3.12,0.5,3.04174,0.05721,0.8856,-0.1565,
ssfr/ssfr_tanh_F0ftau_hcol_asymm_mass_none,beta,truncated_gaussian,3.12,0.5,3.04628,0.05718,0.8856,-0.1474,
ssfr/ssfr_tanh_ftau_hcol_linear_mass_step,beta,truncated_gaussian,3.12,0.5,3.04734,0.05718,0.8856,-0.1453,
ssfr/ssfr_sigmoid_ftau_hcol_linear_mass_step,beta,truncated_gaussian,3.12,0.5,3.04672,0.05715,0.8857,-0.1466,
ssfr/ssfr_tanh_F0ftau_hcol_sigmoid_mass_sigmoid_M0tau,beta,truncated_gaussian,3.12,0.5,3.04789,0.05714,0.8857,-0.1442,
ssfr/ssfr_tanh_F0ftau_hcol_asymm_mass_sigmoid,beta,truncated_gaussian,3.12,0.5,3.04554,0.05708,0.8858,-0.1489,
ssfr/ssfr_step_hcol_sigmoid_C0_mass_step_xisSFRhcol,beta,truncated_gaussian,3.12,0.5,3.04776,0.05711,0.8858,-0.1445,
ssfr/ssfr_step_hcol_linear_mass_step_omega,beta,truncated_gaussian,3.12,0.5,3.05375,0.05706,0.8859,-0.1325,
ssfr/ssfr_tanh_hcol_linear_mass_double_step,beta,truncated_gaussian,3.12,0.5,3.03824,0.05707,0.8859,-0.1635,
ssfr/ssfr_sigmoid_F0ftau_hcol_sigmoid_mass_step,beta,truncated_gaussian,3.12,0.5,3.04728,0.05703,0.8859,-0.1454,
ssfr/ssfr_tanh_hcol_sigmoid_mass_linear,beta,truncated_gaussian,3.12,0.5,3.04447,0.05705,0.8859,-0.1511,
ssfr/ssfr_tanh_F0ftau_hcol_asymm_mass_spline,beta,truncated_gaussian,3.12,0.5,3.04111,0.05705,0.8859,-0.1578,
ssfr/ssfr_sigmoid_F0ftau_hcol_broken_mass_spline,beta,truncated_gaussian,3.12,0.5,3.0413,0.05702,0.886,-0.1574,
ssfr/ssfr_tanh_F0ftau_hcol_linear_mass_sigmoid_M0tau,beta,truncated_gaussian,3.12,0.5,3.04859,0.05699,0.886,-0.1428,
ssfr/ssfr_step_F0_hcol_linear_mass_sigmoid,beta,truncated_gaussian,3.12,0.5,3.04585,0.05702,0.886,-0.1483,
ssfr/ssfr_step_F0_hcol_asymm_mass_sigmoid_M0tau,beta,truncated_gaussian,3.12,0.5,3.0455,0.05701,0.886,-0.149,
host_col/ssfr_none_hcol_sigmoid_C0_mass_sigmoid_M0xihcolmass,beta,truncated_gaussian,3.12,0.5,3.07821,0.05695,0.8861,-0.0836,
ssfr/ssfr_sigmoid_F0ftau_hcol_broken_mass_double_step,beta,truncated_gaussian,3.12,0.5,3.04423,0.05697,0.8861,-0.1515,
ssfr/ssfr_tanh_F0ftau_hcol_quadratic_mass_linear,beta,truncated_gaussian,3.12,0.5,3.0477,0.05693,0.8861,-0.1446,
ssfr/ssfr_tanh_F0ftau_hcol_sigmoid_mass_step,beta,truncated_gaussian,3.12,0.5,3.04699,0.05693,0.8861,-0.146,
ssfr/ssfr_step_F0_hcol_quadratic_mass_linear,beta,truncated_gaussian,3.12,0.5,3.0465,0.05695,0.8861,-0.147,
ssfr/ssfr_step_hcol_asymm_C0htau_mass_step,beta,truncated_gaussian,3.12,0.5,3.0462,0.05695,0.8861,-0.1476,
ssfr/ssfr_tanh_hcol_asymm_mass_sigmoid,beta,truncated_gaussian,3.12,0.5,3.04164,0.05697,0.8861,-0.1567,
ssfr/ssfr_step_hcol_sigmoid_C0_mass_step,beta,truncated_gaussian,3.12,0.5,3.04713,0.05695,0.8861,-0.1457,
ssfr/ssfr_tanh_hcol_tanh_C0_mass_step,beta,truncated_gaussian,3.12,0.5,3.04118,0.05693,0.8861,-0.1576,
ssfr/ssfr_step_F0_hcol_broken_mass_none,beta,truncated_gaussian,3.12,0.5,3.04567,0.05693,0.8861,-0.1487,
ssfr/ssfr_tanh_hcol_quadratic_mass_sigmoid,beta,truncated_gaussian,3.12,0.5,3.04219,0.05696,0.8861,-0.1556,
ssfr/ssfr_sigmoid_F0ftau_hcol_tanh_mass_sigmoid,beta,truncated_gaussian,3.12,0.5,3.04688,0.05693,0.8861,-0.1462,
ssfr/ssfr_step_F0_hcol_linear_mass_step_M0xisSFRmass,beta,truncated_gaussian,3.12,0.5,3.05111,0.05694,0.8861,-0.1378,
ssfr/ssfr_step_F0_hcol_quadratic_mass_gaussian_weight,beta,truncated_gaussian,3.12,0.5,3.0413,0.05689,0.8862,-0.1574,
host_col/ssfr_none_hcol_tanh_C0_mass_sigmoid_M0xihcolmass,beta,truncated_gaussian,3.12,0.5,3.07568,0.05692,0.8862,-0.0886,
ssfr/ssfr_tanh_F0ftau_hcol_broken_mass_double_step,beta,truncated_gaussian,3.12,0.5,3.04534,0.0569,0.8862,-0.1493,
ssfr/ssfr_step_F0_hcol_linear_mass_spline,beta,truncated_gaussian,3.12,0.5,3.04126,0.05692,0.8862,-0.1575,
ssfr/ssfr_step_F0_hcol_linear_mass_sigmoid_M0,beta,truncated_gaussian,3.12,0.5,3.0504,0.05688,0.8862,-0.1392,
ssfr/ssfr_step_F0_hcol_linear_mass_step_M0xisSFRmassxisSFRhcolxihcolmassomega,beta,truncated_gaussian,3.12,0.5,3.0518,0.0569,0.8862,-0.1364,
ssfr/ssfr_step_hcol_linear_mass_linear,beta,truncated_gaussian,3.12,0.5,3.04879,0.05692,0.8862,-0.1424,
ssfr/ssfr_sigmoid_F0ftau_hcol_sigmoid_mass_sigmoid,beta,truncated_gaussian,3.12,0.5,3.04604,0.05691,0.8862,-0.1479,
ssfr/ssfr_tanh_F0ftau_hcol_asymm_mass_linear,beta,truncated_gaussian,3.12,0.5,3.04633,0.0569,0.8862,-0.1473,
ssfr/ssfr_tanh_F0ftau_hcol_linear_mass_double_step,beta,truncated_gaussian,3.12,0.5,3.04365,0.05688,0.8862,-0.1527,
sfr/ssfr_step_F0_hcol_asymm_mass_spline,beta,truncated_gaussian,3.12,0.5,3.04127,0.05689,0.8862,-0.1575,
ssfr/ssfr_step_hcol_linear_mass_sigmoid,beta,truncated_gaussian,3.12,0.5,3.04671,0.05688,0.8862,-0.1466,
ssfr/ssfr_sigmoid_F0ftau_hcol_tanh_mass_sigmoid_M0tau,beta,truncated_gaussian,3.12,0.5,3.04744,0.05691,0.8862,-0.1451,
ssfr/ssfr_step_F0_hcol_quadratic_mass_sigmoid_M0tau,beta,truncated_gaussian,3.12,0.5,3.04929,0.05685,0.8863,-0.1414,
ssfr/ssfr_tanh_hcol_linear_mass_linear,beta,truncated_gaussian,3.12,0.5,3.04262,0.05683,0.8863,-0.1548,
ssfr/ssfr_sigmoid_F0ftau_hcol_asymm_mass_linear,beta,truncated_gaussian,3.12,0.5,3.04477,0.05686,0.8863,-0.1505,
ssfr/ssfr_step_F0_hcol_linear_mass_gaussian_weight,beta,truncated_gaussian,3.12,0.5,3.04385,0.05686,0.8863,-0.1523,
ssfr/ssfr_sigmoid_F0ftau_hcol_sigmoid_mass_linear,beta,truncated_gaussian,3.12,0.5,3.04789,0.05685,0.8863,-0.1442,
ssfr/ssfr_step_F0_hcol_linear_mass_linear,beta,truncated_gaussian,3.12,0.5,3.04868,0.05684,0.8863,-0.1426,
ssfr/ssfr_step_F0_hcol_asymm_mass_linear,beta,truncated_gaussian,3.12,0.5,3.04635,0.05686,0.8863,-0.1473,
ssfr/ssfr_sigmoid_F0ftau_hcol_quadratic_mass_spline,beta,truncated_gaussian,3.12,0.5,3.04263,0.05684,0.8863,-0.1547,
ssfr/ssfr_step_F0_hcol_sigmoid_mass_spline,beta,truncated_gaussian,3.12,0.5,3.04298,0.05687,0.8863,-0.154,
ssfr/ssfr_sigmoid_F0ftau_hcol_asymm_mass_sigmoid_M0tau,beta,truncated_gaussian,3.12,0.5,3.04588,0.05683,0.8863,-0.1482,
ssfr/ssfr_sigmoid_F0ftau_hcol_quadratic_mass_sigmoid_M0tau,beta,truncated_gaussian,3.12,0.5,3.04795,0.05683,0.8863,-0.1441,
ssfr/ssfr_tanh_F0ftau_hcol_quadratic_mass_sigmoid_M0tau,beta,truncated_gaussian,3.12,0.5,3.04805,0.05687,0.8863,-0.1439,
ssfr/ssfr_sigmoid_F0ftau_hcol_linear_mass_step,beta,truncated_gaussian,3.12,0.5,3.04781,0.05682,0.8864,-0.1444,
host_col/ssfr_none_hcol_tanh_C0_mass_linear,beta,truncated_gaussian,3.12,0.5,3.0908,0.05681,0.8864,-0.0584,
ssfr/ssfr_linear_hcol_tanh_mass_spline,beta,truncated_gaussian,3.12,0.5,3.06519,0.05681,0.8864,-0.1096,
ssfr/ssfr_sigmoid_F0ftau_hcol_sigmoid_mass_gaussian_weight,beta,truncated_gaussian,3.12,0.5,3.04104,0.0568,0.8864,-0.1579,
ssfr/ssfr_tanh_F0ftau_hcol_broken_mass_sigmoid,beta,truncated_gaussian,3.12,0.5,3.04753,0.0568,0.8864,-0.1449,
ssfr/ssfr_tanh_F0ftau_hcol_asymm_mass_sigmoid_M0tau,beta,truncated_gaussian,3.12,0.5,3.0457,0.05678,0.8864,-0.1486,
ssfr/ssfr_tanh_F0ftau_hcol_tanh_mass_gaussian_weight,beta,truncated_gaussian,3.12,0.5,3.03962,0.05679,0.8864,-0.1608,
ssfr/ssfr_sigmoid_F0ftau_hcol_quadratic_mass_linear,beta,truncated_gaussian,3.12,0.5,3.04742,0.05674,0.8865,-0.1452,
ssfr/ssfr_step_F0_hcol_asymm_mass_double_step,beta,truncated_gaussian,3.12,0.5,3.04154,0.05675,0.8865,-0.1569,
ssfr/ssfr_step_F0_hcol_linear_mass_none,beta,truncated_gaussian,3.12,0.5,3.04565,0.05673,0.8865,-0.1487,
ssfr/ssfr_step_hcol_linear_mass_step_xisSFRmass,beta,truncated_gaussian,3.12,0.5,3.05025,0.05675,0.8865,-0.1395,
ssfr/ssfr_tanh_hcol_tanh_mass_none,beta,truncated_gaussian,3.12,0.5,3.03482,0.05676,0.8865,-0.1704,
ssfr/ssfr_sigmoid_F0ftau_hcol_asymm_mass_double_step,beta,truncated_gaussian,3.12,0.5,3.04305,0.05673,0.8865,-0.1539,
ssfr/ssfr_sigmoid_F0ftau_hcol_asymm_mass_spline,beta,truncated_gaussian,3.12,0.5,3.04152,0.05674,0.8865,-0.157,
ssfr/ssfr_tanh_hcol_asymm_mass_linear,beta,truncated_gaussian,3.12,0.5,3.04251,0.05677,0.8865,-0.155,
ssfr/ssfr_tanh_hcol_sigmoid_mass_gaussian_weight,beta,truncated_gaussian,3.12,0.5,3.03767,0.05677,0.8865,-0.1647,
ssfr/ssfr_step_F0_hcol_asymm_mass_spline,beta,truncated_gaussian,3.12,0.5,3.04125,0.05668,0.8866,-0.1575,
ssfr/ssfr_step_F0_hcol_broken_mass_sigmoid_M0tau,beta,truncated_gaussian,3.12,0.5,3.0489,0.05669,0.8866,-0.1422,
ssfr/ssfr_sigmoid_F0ftau_hcol_linear_mass_linear,beta,truncated_gaussian,3.12,0.5,3.04715,0.05672,0.8866,-0.1457,
ssfr/ssfr_tanh_F0ftau_hcol_quadratic_mass_double_step,beta,truncated_gaussian,3.12,0.5,3.0433,0.05668,0.8866,-0.1534,
ssfr/ssfr_step_F0_hcol_linear_mass_step,beta,truncated_gaussian,3.12,0.5,3.04695,0.05669,0.8866,-0.1461,
ssfr/ssfr_tanh_F0_hcol_linear_mass_step,beta,truncated_gaussian,3.12,0.5,3.0466,0.05668,0.8866,-0.1468,
ssfr/ssfr_tanh_hcol_linear_mass_none,beta,truncated_gaussian,3.12,0.5,3.04232,0.05672,0.8866,-0.1554,
ssfr/ssfr_tanh_F0ftau_hcol_linear_mass_spline,beta,truncated_gaussian,3.12,0.5,3.04275,0.05669,0.8866,-0.1545,
ssfr/ssfr_tanh_hcol_asymm_mass_double_step,beta,truncated_gaussian,3.12,0.5,3.03823,0.05672,0.8866,-0.1635,
ssfr/ssfr_tanh_hcol_broken_mass_step,beta,truncated_gaussian,3.12,0.5,3.04425,0.05669,0.8866,-0.1515,
ssfr/ssfr_tanh_F0ftau_hcol_sigmoid_mass_spline,beta,truncated_gaussian,3.12,0.5,3.04216,0.05669,0.8866,-0.1557,
ssfr/ssfr_tanh_F0ftau_hcol_quadratic_mass_gaussian_weight,beta,truncated_gaussian,3.12,0.5,3.04262,0.05668,0.8866,-0.1548,
ssfr/ssfr_sigmoid_F0ftau_hcol_quadratic_mass_gaussian_weight,beta,truncated_gaussian,3.12,0.5,3.04036,0.05668,0.8866,-0.1593,
ssfr/ssfr_tanh_F0ftau_hcol_tanh_mass_double_step,beta,truncated_gaussian,3.12,0.5,3.04261,0.0567,0.8866,-0.1548,
ssfr/ssfr_tanh_F0ftau_hcol_tanh_mass_step,beta,truncated_gaussian,3.12,0.5,3.04733,0.05667,0.8867,-0.1453,
ssfr/ssfr_step_F0_hcol_asymm_mass_sigmoid,beta,truncated_gaussian,3.12,0.5,3.04398,0.05663,0.8867,-0.152,
ssfr/ssfr_sigmoid_F0ftau_hcol_quadratic_mass_double_step,beta,truncated_gaussian,3.12,0.5,3.04274,0.05667,0.8867,-0.1545,
ssfr/ssfr_tanh_F0ftau_hcol_broken_mass_linear,beta,truncated_gaussian,3.12,0.5,3.04889,0.05667,0.8867,-0.1422,
ssfr/ssfr_sigmoid_F0ftau_hcol_none_mass_double_step,beta,truncated_gaussian,3.12,0.5,3.04578,0.05663,0.8867,-0.1484,
ssfr/ssfr_tanh_F0ftau_hcol_linear_mass_linear,beta,truncated_gaussian,3.12,0.5,3.04786,0.05664,0.8867,-0.1443,
ssfr/ssfr_step_hcol_quadratic_C0_mass_step_xisSFRhcol,beta,truncated_gaussian,3.12,0.5,3.04558,0.05663,0.8867,-0.1488,
ssfr/ssfr_tanh_F0ftau_hcol_sigmoid_mass_linear,beta,truncated_gaussian,3.12,0.5,3.04711,0.05663,0.8867,-0.1458,
ssfr/ssfr_step_F0_hcol_tanh_mass_sigmoid,beta,truncated_gaussian,3.12,0.5,3.04569,0.05666,0.8867,-0.1486,
ssfr/ssfr_sigmoid_F0ftau_hcol_broken_mass_step,beta,truncated_gaussian,3.12,0.5,3.04793,0.05665,0.8867,-0.1441,
ssfr/ssfr_step_F0_hcol_asymm_mass_step,beta,truncated_gaussian,3.12,0.5,3.04587,0.05667,0.8867,-0.1483,
ssfr/ssfr_step_F0_hcol_none_mass_linear,beta,truncated_gaussian,3.12,0.5,3.05523,0.05666,0.8867,-0.1295,
ssfr/ssfr_tanh_hcol_broken_mass_double_step,beta,truncated_gaussian,3.12,0.5,3.038,0.05663,0.8867,-0.164,
ssfr/ssfr_tanh_F0ftau_hcol_linear_mass_none,beta,truncated_gaussian,3.12,0.5,3.04838,0.05664,0.8867,-0.1432,
ssfr/ssfr_step_hcol_linear_mass_linear_xisSFRmass,beta,truncated_gaussian,3.12,0.5,3.04524,0.05664,0.8867,-0.1495,
ssfr/ssfr_sigmoid_F0ftau_hcol_quadratic_mass_sigmoid,beta,truncated_gaussian,3.12,0.5,3.04507,0.05664,0.8867,-0.1499,
ssfr/ssfr_step_F0_hcol_broken_mass_step,beta,truncated_gaussian,3.12,0.5,3.04723,0.05658,0.8868,-0.1455,
ssfr/ssfr_tanh_F0ftau_hcol_sigmoid_mass_gaussian_weight,beta,truncated_gaussian,3.12,0.5,3.04353,0.05661,0.8868,-0.1529,
ssfr/ssfr_step_F0_hcol_tanh_mass_sigmoid_M0tau,beta,truncated_gaussian,3.12,0.5,3.04731,0.05658,0.8868,-0.1454,
ssfr/ssfr_step_F0_hcol_linear_mass_step_M0,beta,truncated_gaussian,3.12,0.5,3.05254,0.05659,0.8868,-0.1349,
ssfr/ssfr_tanh_hcol_quadratic_mass_spline,beta,truncated_gaussian,3.12,0.5,3.03615,0.0566,0.8868,-0.1677,
ssfr/ssfr_tanh_F0ftau_hcol_asymm_mass_double_step,beta,truncated_gaussian,3.12,0.5,3.04469,0.05658,0.8868,-0.1506,
ssfr/ssfr_step_hcol_tanh_C0_mass_step,beta,truncated_gaussian,3.12,0.5,3.04385,0.05659,0.8868,-0.1523,
ssfr/ssfr_step_F0_hcol_sigmoid_mass_step,beta,truncated_gaussian,3.12,0.5,3.04706,0.05658,0.8868,-0.1459,
ssfr/ssfr_step_hcol_linear_mass_none,beta,truncated_gaussian,3.12,0.5,3.04994,0.05662,0.8868,-0.1401,
ssfr/ssfr_sigmoid_F0ftau_hcol_broken_mass_sigmoid_M0tau,beta,truncated_gaussian,3.12,0.5,3.04759,0.05658,0.8868,-0.1448,
ssfr/ssfr_sigmoid_F0ftau_hcol_asymm_mass_step,beta,truncated_gaussian,3.12,0.5,3.04742,0.05658,0.8868,-0.1452,
ssfr/ssfr_tanh_hcol_broken_mass_sigmoid,beta,truncated_gaussian,3.12,0.5,3.04211,0.05659,0.8868,-0.1558,
mass/mass_step_M0,beta,truncated_gaussian,3.12,0.5,3.08304,0.05658,0.8868,-0.0739,
ssfr/ssfr_tanh_hcol_tanh_mass_gaussian_weight,beta,truncated_gaussian,3.12,0.5,3.02917,0.05658,0.8868,-0.1817,
ssfr/ssfr_step_F0_hcol_none_mass_spline,beta,truncated_gaussian,3.12,0.5,3.04092,0.05658,0.8868,-0.1582,
ssfr/ssfr_step_F0_hcol_quadratic_mass_sigmoid,beta,truncated_gaussian,3.12,0.5,3.04484,0.0566,0.8868,-0.1503,
ssfr/ssfr_sigmoid_F0ftau_hcol_none_mass_none,beta,truncated_gaussian,3.12,0.5,3.04063,0.05658,0.8868,-0.1587,
ssfr/ssfr_tanh_F0ftau_hcol_quadratic_mass_sigmoid,beta,truncated_gaussian,3.12,0.5,3.04608,0.05659,0.8868,-0.1478,
ssfr/ssfr_tanh_F0ftau_hcol_linear_mass_step,beta,truncated_gaussian,3.12,0.5,3.04859,0.05661,0.8868,-0.1428,
ssfr/ssfr_sigmoid_F0ftau_hcol_asymm_mass_sigmoid,beta,truncated_gaussian,3.12,0.5,3.04458,0.05654,0.8869,-0.1508,
ssfr/ssfr_tanh_hcol_quadratic_mass_gaussian_weight,beta,truncated_gaussian,3.12,0.5,3.03661,0.05657,0.8869,-0.1668,
ssfr/ssfr_sigmoid_F0ftau_hcol_none_mass_gaussian_weight,beta,truncated_gaussian,3.12,0.5,3.03772,0.05655,0.8869,-0.1646,
ssfr/ssfr_sigmoid_F0ftau_hcol_linear_mass_double_step,beta,truncated_gaussian,3.12,0.5,3.0428,0.05653,0.8869,-0.1544,
ssfr/ssfr_tanh_F0ftau_hcol_linear_mass_sigmoid,beta,truncated_gaussian,3.12,0.5,3.04728,0.05656,0.8869,-0.1454,
ssfr/ssfr_step_hcol_asymm_C0htau_mass_step_xisSFRhcol,beta,truncated_gaussian,3.12,0.5,3.04839,0.05654,0.8869,-0.1432,
ssfr/ssfr_sigmoid_F0ftau_hcol_sigmoid_mass_spline,beta,truncated_gaussian,3.12,0.5,3.04308,0.05654,0.8869,-0.1538,
ssfr/ssfr_tanh_hcol_linear_mass_step_xisSFRhcol,beta,truncated_gaussian,3.12,0.5,3.0438,0.05657,0.8869,-0.1524,
ssfr/ssfr_tanh_F0ftau_hcol_asymm_mass_gaussian_weight,beta,truncated_gaussian,3.12,0.5,3.04624,0.05657,0.8869,-0.1475,
ssfr/ssfr_step_F0_hcol_broken_mass_spline,beta,truncated_gaussian,3.12,0.5,3.04174,0.05653,0.8869,-0.1565,
ssfr/ssfr_tanh_F0ftau_hcol_tanh_mass_linear,beta,truncated_gaussian,3.12,0.5,3.04795,0.05655,0.8869,-0.1441,
ssfr/ssfr_sigmoid_F0ftau_hcol_linear_mass_sigmoid_M0tau,beta,truncated_gaussian,3.12,0.5,3.04743,0.05656,0.8869,-0.1451,
ssfr/ssfr_tanh_hcol_sigmoid_mass_none,beta,truncated_gaussian,3.12,0.5,3.03971,0.05656,0.8869,-0.1606,
ssfr/ssfr_step_F0_hcol_tanh_mass_step,beta,truncated_gaussian,3.12,0.5,3.04571,0.05654,0.8869,-0.1486,
ssfr/ssfr_tanh_hcol_linear_mass_step,beta,truncated_gaussian,3.12,0.5,3.04359,0.05657,0.8869,-0.1528,
ssfr/ssfr_sigmoid_F0_hcol_linear_mass_step,beta,truncated_gaussian,3.12,0.5,3.0503,0.05648,0.887,-0.1394,
ssfr/ssfr_step_F0_hcol_linear_mass_double_step,beta,truncated_gaussian,3.12,0.5,3.04339,0.05649,0.887,-0.1532,
ssfr/ssfr_linear_hcol_linear_mass_sigmoid,beta,truncated_gaussian,3.12,0.5,3.07725,0.05651,0.887,-0.0855,
ssfr/ssfr_tanh_hcol_asymm_mass_step,beta,truncated_gaussian,3.12,0.5,3.04341,0.05648,0.887,-0.1532,
ssfr/ssfr_sigmoid_F0ftau_hcol_tanh_mass_gaussian_weight,beta,truncated_gaussian,3.12,0.5,3.03881,0.05648,0.887,-0.1624,
ssfr/ssfr_tanh_F0ftau_hcol_linear_mass_step_xisSFRmass,beta,truncated_gaussian,3.12,0.5,3.05092,0.05648,0.887,-0.1382,
ssfr/ssfr_tanh_F0ftau_hcol_quadratic_mass_none,beta,truncated_gaussian,3.12,0.5,3.0454,0.05651,0.887,-0.1492,
ssfr/ssfr_step_F0_hcol_sigmoid_mass_sigmoid_M0tau,beta,truncated_gaussian,3.12,0.5,3.04754,0.05648,0.887,-0.1449,
ssfr/ssfr_tanh_hcol_linear_mass_step_xisSFRmass,beta,truncated_gaussian,3.12,0.5,3.04523,0.05648,0.887,-0.1495,
ssfr/ssfr_sigmoid_F0ftau_hcol_linear_mass_sigmoid,beta,truncated_gaussian,3.12,0.5,3.04647,0.05652,0.887,-0.1471,
ssfr/ssfr_sigmoid_F0ftau_hcol_asymm_mass_gaussian_weight,beta,truncated_gaussian,3.12,0.5,3.04381,0.05651,0.887,-0.1524,
ssfr/ssfr_tanh_F0ftau_hcol_broken_mass_gaussian_weight,beta,truncated_gaussian,3.12,0.5,3.04588,0.05648,0.887,-0.1482,
ssfr/ssfr_sigmoid_F0ftau_hcol_broken_mass_sigmoid,beta,truncated_gaussian,3.12,0.5,3.04644,0.05648,0.887,-0.1471,
ssfr/ssfr_tanh_hcol_sigmoid_mass_spline,beta,truncated_gaussian,3.12,0.5,3.0374,0.05652,0.887,-0.1652,
ssfr/ssfr_linear_hcol_linear_mass_spline,beta,truncated_gaussian,3.12,0.5,3.0687,0.0565,0.887,-0.1026,
ssfr/ssfr_sigmoid_F0ftau_hcol_linear_mass_gaussian_weight,beta,truncated_gaussian,3.12,0.5,3.04526,0.05647,0.8871,-0.1495,
ssfr/ssfr_sigmoid_F0ftau_hcol_tanh_mass_none,beta,truncated_gaussian,3.12,0.5,3.04072,0.05647,0.8871,-0.1586,
mass/mass_gaussian_weight_M0tau,beta,truncated_gaussian,3.12,0.5,3.08255,0.05646,0.8871,-0.0749,
ssfr/ssfr_tanh_F0ftau_hcol_linear_mass_gaussian_weight,beta,truncated_gaussian,3.12,0.5,3.04489,0.05646,0.8871,-0.1502,
ssfr/ssfr_sigmoid_F0ftau_hcol_none_mass_linear,beta,truncated_gaussian,3.12,0.5,3.05597,0.05643,0.8871,-0.1281,
ssfr/ssfr_step_F0_hcol_sigmoid_mass_none,beta,truncated_gaussian,3.12,0.5,3.04387,0.05647,0.8871,-0.1523,
ssfr/ssfr_sigmoid_F0ftau_hcol_none_mass_step,beta,truncated_gaussian,3.12,0.5,3.04684,0.05646,0.8871,-0.1463,
stretch/stretch_softbroken_x10x1tau,beta,truncated_gaussian,3.12,0.5,3.08669,0.05645,0.8871,-0.0666,
stretch/stretch_softbroken_x1tau,alpha,truncated_gaussian,0.17,0.05,0.17849,0.00564,0.8872,0.1698,
ssfr/ssfr_tanh_hcol_broken_mass_spline,beta,truncated_gaussian,3.12,0.5,3.03581,0.05641,0.8872,-0.1684,
ssfr/ssfr_step_F0_hcol_none_mass_sigmoid,beta,truncated_gaussian,3.12,0.5,3.04952,0.05641,0.8872,-0.141,
ssfr/ssfr_sigmoid_F0ftau_hcol_broken_mass_linear,beta,truncated_gaussian,3.12,0.5,3.04795,0.0564,0.8872,-0.1441,
ssfr/ssfr_step_F0_hcol_asymm_mass_gaussian_weight,beta,truncated_gaussian,3.12,0.5,3.04317,0.0564,0.8872,-0.1537,
ssfr/ssfr_tanh_hcol_linear_mass_sigmoid,beta,truncated_gaussian,3.12,0.5,3.04288,0.05642,0.8872,-0.1542,
ssfr/ssfr_step_F0_hcol_broken_mass_gaussian_weight,beta,truncated_gaussian,3.12,0.5,3.04534,0.0564,0.8872,-0.1493,
sncolour/sncolour_softbroken_sntau,beta,truncated_gaussian,3.12,0.5,3.06429,0.0564,0.8872,-0.1114,
sncolour/sncolour_broken_c0,beta,truncated_gaussian,3.12,0.5,3.08259,0.05641,0.8872,-0.0748,
ssfr/ssfr_step_F0_hcol_tanh_mass_linear,beta,truncated_gaussian,3.12,0.5,3.04737,0.05639,0.8872,-0.1453,
ssfr/ssfr_linear_hcol_none_mass_linear,beta,truncated_gaussian,3.12,0.5,3.08042,0.05639,0.8872,-0.0792,
ssfr/ssfr_step_F0_hcol_sigmoid_mass_double_step,beta,truncated_gaussian,3.12,0.5,3.04316,0.0564,0.8872,-0.1537,
ssfr/ssfr_sigmoid_F0ftau_hcol_quadratic_mass_none,beta,truncated_gaussian,3.12,0.5,3.04366,0.05636,0.8873,-0.1527,
ssfr/ssfr_tanh_F0ftau_hcol_tanh_mass_sigmoid,beta,truncated_gaussian,3.12,0.5,3.04535,0.05635,0.8873,-0.1493,
ssfr/ssfr_linear_hcol_linear_mass_double_step,beta,truncated_gaussian,3.12,0.5,3.07134,0.05633,0.8873,-0.0973,
ssfr/ssfr_tanh_hcol_tanh_mass_sigmoid,beta,truncated_gaussian,3.12,0.5,3.04305,0.05634,0.8873,-0.1539,
ssfr/ssfr_tanh_F0ftau_hcol_broken_mass_none,beta,truncated_gaussian,3.12,0.5,3.04936,0.05637,0.8873,-0.1413,
ssfr/ssfr_step_hcol_linear_mass_step_xisSFRmassxisSFRhcolxihcolmassomega,beta,truncated_gaussian,3.12,0.5,3.05469,0.05637,0.8873,-0.1306,
ssfr/ssfr_tanh_hcol_none_mass_step,beta,truncated_gaussian,3.12,0.5,3.04288,0.05637,0.8873,-0.1542,
ssfr/ssfr_sigmoid_F0ftau_hcol_quadratic_mass_step,beta,truncated_gaussian,3.12,0.5,3.0465,0.05635,0.8873,-0.147,
ssfr/ssfr_step_hcol_none_mass_none,beta,truncated_gaussian,3.12,0.5,3.03351,0.05635,0.8873,-0.173,
ssfr/ssfr_tanh_hcol_tanh_mass_double_step,beta,truncated_gaussian,3.12,0.5,3.0384,0.05637,0.8873,-0.1632,
ssfr/ssfr_step_F0_hcol_quadratic_mass_spline,beta,truncated_gaussian,3.12,0.5,3.04118,0.05634,0.8873,-0.1576,
ssfr/ssfr_tanh_F0ftau_hcol_sigmoid_mass_sigmoid,beta,truncated_gaussian,3.12,0.5,3.04801,0.05634,0.8873,-0.144,
ssfr/ssfr_step_F0_hcol_asymm_mass_none,beta,truncated_gaussian,3.12,0.5,3.0464,0.05637,0.8873,-0.1472,
ssfr/ssfr_tanh_hcol_broken_mass_linear,beta,truncated_gaussian,3.12,0.5,3.04328,0.05631,0.8874,-0.1534,
ssfr/ssfr_step_F0_hcol_none_mass_none,beta,truncated_gaussian,3.12,0.5,3.03958,0.05628,0.8874,-0.1608,
ssfr/ssfr_tanh_hcol_none_mass_sigmoid,beta,truncated_gaussian,3.12,0.5,3.04665,0.05628,0.8874,-0.1467,
ssfr/ssfr_sigmoid_F0ftau_hcol_tanh_mass_step,beta,truncated_gaussian,3.12,0.5,3.04614,0.05628,0.8874,-0.1477,
ssfr/ssfr_tanh_F0ftau_hcol_quadratic_mass_step,beta,truncated_gaussian,3.12,0.5,3.04662,0.0563,0.8874,-0.1468,
ssfr/ssfr_tanh_F0ftau_hcol_asymm_mass_step,beta,truncated_gaussian,3.12,0.5,3.04721,0.0563,0.8874,-0.1456,
ssfr/ssfr_sigmoid_F0ftau_hcol_sigmoid_mass_double_step,beta,truncated_gaussian,3.12,0.5,3.04369,0.05629,0.8874,-0.1526,
ssfr/ssfr_step_F0_hcol_tanh_C0_mass_step_M0,beta,truncated_gaussian,3.12,0.5,3.05236,0.0563,0.8874,-0.1353,
ssfr/ssfr_linear_hcol_none_mass_spline,beta,truncated_gaussian,3.12,0.5,3.06479,0.05632,0.8874,-0.1104,
ssfr/ssfr_tanh_hcol_quadratic_mass_linear,beta,truncated_gaussian,3.12,0.5,3.04364,0.05629,0.8874,-0.1527,
ssfr/ssfr_tanh_F0ftau_hcol_broken_mass_step,beta,truncated_gaussian,3.12,0.5,3.04885,0.05629,0.8874,-0.1423,
ssfr/ssfr_tanh_F0ftau_hcol_quadratic_mass_spline,beta,truncated_gaussian,3.12,0.5,3.0428,0.05628,0.8874,-0.1544,
ssfr/ssfr_step_hcol_linear_mass_step_xisSFRhcol,beta,truncated_gaussian,3.12,0.5,3.04846,0.05629,0.8874,-0.1431,
ssfr/ssfr_linear_hcol_none_mass_step,beta,truncated_gaussian,3.12,0.5,3.07328,0.0563,0.8874,-0.0934,
ssfr/ssfr_tanh_F0ftau_hcol_sigmoid_mass_none,beta,truncated_gaussian,3.12,0.5,3.0468,0.0563,0.8874,-0.1464,
ssfr/ssfr_tanh_hcol_asymm_mass_gaussian_weight,beta,truncated_gaussian,3.12,0.5,3.04009,0.05632,0.8874,-0.1598,
ssfr/ssfr_step_F0_hcol_quadratic_mass_double_step,beta,truncated_gaussian,3.12,0.5,3.04308,0.05629,0.8874,-0.1538,
ssfr/ssfr_step_F0_hcol_sigmoid_mass_gaussian_weight,beta,truncated_gaussian,3.12,0.5,3.04343,0.05631,0.8874,-0.1531,
ssfr/ssfr_step_F0_hcol_sigmoid_mass_sigmoid,beta,truncated_gaussian,3.12,0.5,3.0453,0.05623,0.8875,-0.1494,
ssfr/ssfr_step_F0_hcol_quadratic_mass_step,beta,truncated_gaussian,3.12,0.5,3.04604,0.05625,0.8875,-0.1479,
ssfr/ssfr_sigmoid_F0ftau_hcol_tanh_mass_linear,beta,truncated_gaussian,3.12,0.5,3.04673,0.05624,0.8875,-0.1465,
ssfr/ssfr_sigmoid_F0ftau_hcol_none_mass_sigmoid,beta,truncated_gaussian,3.12,0.5,3.05103,0.05627,0.8875,-0.1379,
ssfr/ssfr_tanh_hcol_quadratic_mass_none,beta,truncated_gaussian,3.12,0.5,3.03916,0.05627,0.8875,-0.1617,
ssfr/ssfr_step_hcol_quadratic_C0_mass_step,beta,truncated_gaussian,3.12,0.5,3.04697,0.05626,0.8875,-0.1461,
ssfr/ssfr_tanh_F0ftau_hcol_broken_mass_sigmoid_M0tau,beta,truncated_gaussian,3.12,0.5,3.04773,0.05626,0.8875,-0.1445,
ssfr/ssfr_sigmoid_F0ftau_hcol_broken_mass_gaussian_weight,beta,truncated_gaussian,3.12,0.5,3.04441,0.05624,0.8875,-0.1512,
mass/mass_tanh_M0,beta,truncated_gaussian,3.12,0.5,3.08043,0.05623,0.8875,-0.0791,
ssfr/ssfr_sigmoid_F0ftau_hcol_none_mass_sigmoid_M0tau,beta,truncated_gaussian,3.12,0.5,3.05339,0.05623,0.8875,-0.1332,
ssfr/ssfr_sigmoid_F0ftau_hcol_broken_mass_none,beta,truncated_gaussian,3.12,0.5,3.04736,0.05625,0.8875,-0.1453,
ssfr/ssfr_linear_hcol_tanh_mass_linear,beta,truncated_gaussian,3.12,0.5,3.0788,0.05626,0.8875,-0.0824,
ssfr/ssfr_step_F0_hcol_quadratic_mass_none,beta,truncated_gaussian,3.12,0.5,3.04248,0.05621,0.8876,-0.155,
ssfr/ssfr_step_F0_hcol_broken_mass_linear,beta,truncated_gaussian,3.12,0.5,3.04886,0.05622,0.8876,-0.1423,
ssfr/ssfr_step_F0_hcol_broken_mass_sigmoid,beta,truncated_gaussian,3.12,0.5,3.04698,0.05622,0.8876,-0.146,
ssfr/ssfr_step_F0_hcol_linear_mass_sigmoid_M0tau,beta,truncated_gaussian,3.12,0.5,3.04709,0.05621,0.8876,-0.1458,
ssfr/ssfr_step_F0_hcol_tanh_mass_double_step,beta,truncated_gaussian,3.12,0.5,3.04387,0.05621,0.8876,-0.1523,
ssfr/ssfr_step_F0_hcol_broken_mass_double_step,beta,truncated_gaussian,3.12,0.5,3.04325,0.05618,0.8876,-0.1535,
ssfr/ssfr_linear_hcol_tanh_mass_gaussian_weight,beta,truncated_gaussian,3.12,0.5,3.0696,0.05622,0.8876,-0.1008,
ssfr/ssfr_step_hcol_none_mass_step,beta,truncated_gaussian,3.12,0.5,3.04437,0.05616,0.8877,-0.1513,
ssfr/ssfr_tanh_F0ftau_hcol_none_mass_sigmoid,beta,truncated_gaussian,3.12,0.5,3.05091,0.05617,0.8877,-0.1382,
ssfr/ssfr_sigmoid_F0ftau_hcol_sigmoid_mass_none,beta,truncated_gaussian,3.12,0.5,3.04477,0.05613,0.8877,-0.1505,
host_col/ssfr_none_hcol_quadratic_C0_mass_none,beta,truncated_gaussian,3.12,0.5,3.0768,0.05613,0.8877,-0.0864,
ssfr/ssfr_linear_hcol_asymm_mass_sigmoid_M0tau,beta,truncated_gaussian,3.12,0.5,3.07651,0.05613,0.8877,-0.087,
ssfr/ssfr_tanh_F0ftau_hcol_none_mass_none,beta,truncated_gaussian,3.12,0.5,3.04026,0.05613,0.8877,-0.1595,
ssfr/ssfr_step_hcol_tanh_C0_mass_step_xisSFRhcol,beta,truncated_gaussian,3.12,0.5,3.0422,0.05616,0.8877,-0.1556,
ssfr/ssfr_linear_hcol_tanh_mass_none,beta,truncated_gaussian,3.12,0.5,3.07291,0.05617,0.8877,-0.0942,
host_col/ssfr_none_hcol_sigmoid_C0_mass_linear_xihcolmass,beta,truncated_gaussian,3.12,0.5,3.08796,0.05613,0.8877,-0.0641,
ssfr/ssfr_tanh_F0ftau_hcol_sigmoid_mass_double_step,beta,truncated_gaussian,3.12,0.5,3.04544,0.05613,0.8877,-0.1491,
ssfr/ssfr_tanh_F0ftau_hcol_none_mass_spline,beta,truncated_gaussian,3.12,0.5,3.04452,0.05613,0.8877,-0.151,
ssfr/ssfr_tanh_hcol_none_mass_spline,beta,truncated_gaussian,3.12,0.5,3.03825,0.05613,0.8877,-0.1635,
ssfr/ssfr_step_hcol_linear_mass_step_xihcolmass,beta,truncated_gaussian,3.12,0.5,3.04984,0.05617,0.8877,-0.1403,
ssfr/ssfr_step_F0_hcol_tanh_mass_none,beta,truncated_gaussian,3.12,0.5,3.04012,0.05617,0.8877,-0.1598,
ssfr/ssfr_sigmoid_F0ftau_hcol_none_mass_spline,beta,truncated_gaussian,3.12,0.5,3.04371,0.05612,0.8878,-0.1526,
ssfr/ssfr_tanh_F0ftau_hcol_none_mass_gaussian_weight,beta,truncated_gaussian,3.12,0.5,3.03895,0.05608,0.8878,-0.1621,
ssfr/ssfr_sigmoid_F0ftau_hcol_linear_mass_none,beta,truncated_gaussian,3.12,0.5,3.0471,0.0561,0.8878,-0.1458,
host_col/ssfr_none_hcol_sigmoid_C0_mass_double_step,beta,truncated_gaussian,3.12,0.5,3.0843,0.05608,0.8878,-0.0714,
ssfr/ssfr_tanh_hcol_tanh_mass_spline,beta,truncated_gaussian,3.12,0.5,3.03732,0.05609,0.8878,-0.1654,
ssfr/ssfr_tanh_hcol_asymm_mass_none,beta,truncated_gaussian,3.12,0.5,3.04181,0.05611,0.8878,-0.1564,
mass/mass_sigmoid_M0,beta,truncated_gaussian,3.12,0.5,3.08187,0.05611,0.8878,-0.0763,
ssfr/ssfr_sigmoid_hcol_linear_mass_step,beta,truncated_gaussian,3.12,0.5,3.04722,0.05607,0.8879,-0.1456,
ssfr/ssfr_tanh_hcol_broken_mass_gaussian_weight,beta,truncated_gaussian,3.12,0.5,3.04089,0.05603,0.8879,-0.1582,
ssfr/ssfr_step_F0_hcol_none_mass_step,beta,truncated_gaussian,3.12,0.5,3.04577,0.05604,0.8879,-0.1485,
stretch/stretch_powerlaw_x1tau,beta,truncated_gaussian,3.12,0.5,3.08625,0.05607,0.8879,-0.0675,
ssfr/ssfr_linear_hcol_sigmoid_mass_double_step,beta,truncated_gaussian,3.12,0.5,3.06958,0.05605,0.8879,-0.1008,
host_col/ssfr_none_hcol_linear_mass_sigmoid_M0,beta,truncated_gaussian,3.12,0.5,3.07938,0.05604,0.8879,-0.0812,
ssfr/ssfr_linear_hcol_asymm_mass_none,beta,truncated_gaussian,3.12,0.5,3.07382,0.05607,0.8879,-0.0924,
ssfr/ssfr_linear_hcol_broken_mass_step,beta,truncated_gaussian,3.12,0.5,3.0766,0.05603,0.8879,-0.0868,
host_col/ssfr_none_hcol_sigmoid_C0_mass_sigmoid_xihcolmass,beta,truncated_gaussian,3.12,0.5,3.08489,0.05606,0.8879,-0.0702,
ssfr/ssfr_step_F0_hcol_none_mass_sigmoid_M0tau,beta,truncated_gaussian,3.12,0.5,3.05249,0.05604,0.8879,-0.135,
ssfr/ssfr_linear_hcol_quadratic_mass_sigmoid_M0tau,beta,truncated_gaussian,3.12,0.5,3.07597,0.05601,0.888,-0.0881,
ssfr/ssfr_sigmoid_F0ftau_hcol_tanh_mass_spline,beta,truncated_gaussian,3.12,0.5,3.04215,0.05599,0.888,-0.1557,
ssfr/ssfr_tanh_hcol_sigmoid_mass_step,beta,truncated_gaussian,3.12,0.5,3.04253,0.056,0.888,-0.1549,
ssfr/ssfr_tanh_F0ftau_hcol_tanh_mass_none,beta,truncated_gaussian,3.12,0.5,3.04147,0.05598,0.888,-0.1571,
host_col/ssfr_none_hcol_broken_C0_mass_step_xihcolmass,beta,truncated_gaussian,3.12,0.5,3.08309,0.05599,0.888,-0.0738,
host_col/ssfr_none_hcol_broken_C0_mass_none,beta,truncated_gaussian,3.12,0.5,3.08148,0.05602,0.888,-0.077,
ssfr/ssfr_tanh_F0ftau_hcol_tanh_mass_spline,beta,truncated_gaussian,3.12,0.5,3.04309,0.05602,0.888,-0.1538,
ssfr/ssfr_tanh_hcol_none_mass_linear,beta,truncated_gaussian,3.12,0.5,3.05098,0.05599,0.888,-0.138,
ssfr/ssfr_step_F0_hcol_tanh_mass_spline,beta,truncated_gaussian,3.12,0.5,3.04094,0.05602,0.888,-0.1581,
ssfr/ssfr_linear_hcol_linear_mass_step,beta,truncated_gaussian,3.12,0.5,3.07688,0.05602,0.888,-0.0862,
host_col/ssfr_none_hcol_asymm_C0htau_mass_none,beta,truncated_gaussian,3.12,0.5,3.08447,0.056,0.888,-0.0711,
ssfr/ssfr_linear_hcol_sigmoid_mass_step,beta,truncated_gaussian,3.12,0.5,3.07591,0.05602,0.888,-0.0882,
ssfr/ssfr_linear_hcol_sigmoid_mass_sigmoid_M0tau,beta,truncated_gaussian,3.12,0.5,3.07685,0.05601,0.888,-0.0863,
stretch/stretch_doublebroken_x1tau,beta,truncated_gaussian,3.12,0.5,3.08644,0.05602,0.888,-0.0671,
ssfr/ssfr_sigmoid_F0ftau_hcol_tanh_mass_double_step,beta,truncated_gaussian,3.12,0.5,3.04317,0.05594,0.8881,-0.1537,
ssfr/ssfr_linear_hcol_asymm_mass_sigmoid,beta,truncated_gaussian,3.12,0.5,3.07609,0.05597,0.8881,-0.0878,
ssfr/ssfr_tanh_hcol_tanh_mass_linear,beta,truncated_gaussian,3.12,0.5,3.04317,0.05596,0.8881,-0.1537,
sncolour/sncolour_tanh,beta,truncated_gaussian,3.12,0.5,3.11564,0.05597,0.8881,-0.0087,
ssfr/ssfr_linear_hcol_linear_mass_sigmoid_M0tau,beta,truncated_gaussian,3.12,0.5,3.07731,0.05596,0.8881,-0.0854,
ssfr/ssfr_tanh_F0ftau_hcol_none_mass_double_step,beta,truncated_gaussian,3.12,0.5,3.04518,0.05594,0.8881,-0.1496,
ssfr/ssfr_step_hcol_linear_mass_sigmoid_xisSFRmass,beta,truncated_gaussian,3.12,0.5,3.0458,0.05594,0.8881,-0.1484,
host_col/ssfr_none_hcol_linear_mass_tanh_M0,beta,truncated_gaussian,3.12,0.5,3.08053,0.05594,0.8881,-0.0789,
ssfr/ssfr_step_F0_hcol_none_mass_gaussian_weight,beta,truncated_gaussian,3.12,0.5,3.03616,0.05594,0.8881,-0.1677,
host_col/ssfr_none_hcol_broken_C0_mass_sigmoid_M0xihcolmass,beta,truncated_gaussian,3.12,0.5,3.07844,0.05595,0.8881,-0.0831,
sncolour/sncolour_quadratic_c0,beta,truncated_gaussian,3.12,0.5,3.05673,0.05596,0.8881,-0.1265,
host_col/ssfr_none_hcol_sigmoid_C0_mass_linear,beta,truncated_gaussian,3.12,0.5,3.08986,0.05592,0.8882,-0.0603,
ssfr/ssfr_tanh_hcol_broken_mass_none,beta,truncated_gaussian,3.12,0.5,3.04393,0.05589,0.8882,-0.1521,
ssfr/ssfr_step_F0_hcol_tanh_mass_gaussian_weight,beta,truncated_gaussian,3.12,0.5,3.03775,0.05592,0.8882,-0.1645,
host_col/ssfr_none_hcol_asymm_C0htau_mass_step,beta,truncated_gaussian,3.12,0.5,3.08476,0.05589,0.8882,-0.0705,
mass/mass_sigmoid,beta,truncated_gaussian,3.12,0.5,3.09467,0.05592,0.8882,-0.0507,
ssfr/ssfr_step_F0_hcol_none_mass_double_step,beta,truncated_gaussian,3.12,0.5,3.0442,0.0559,0.8882,-0.1516,
mass/mass_step,beta,truncated_gaussian,3.12,0.5,3.09605,0.05591,0.8882,-0.0479,
host_col/ssfr_none_hcol_linear_mass_sigmoid,beta,truncated_gaussian,3.12,0.5,3.08763,0.05588,0.8882,-0.0647,
ssfr/ssfr_linear_hcol_tanh_mass_sigmoid,beta,truncated_gaussian,3.12,0.5,3.07387,0.05589,0.8882,-0.0923,
ssfr/ssfr_linear_hcol_sigmoid_mass_spline,beta,truncated_gaussian,3.12,0.5,3.06896,0.05588,0.8882,-0.1021,
host_col/ssfr_none_hcol_tanh_C0_mass_step,beta,truncated_gaussian,3.12,0.5,3.08206,0.05589,0.8882,-0.0759,
host_col/ssfr_none_hcol_tanh_C0_mass_linear_xihcolmass,beta,truncated_gaussian,3.12,0.5,3.09131,0.05585,0.8883,-0.0574,
ssfr/ssfr_linear_hcol_asymm_mass_step,beta,truncated_gaussian,3.12,0.5,3.07685,0.05586,0.8883,-0.0863,
ssfr/ssfr_linear_hcol_broken_mass_sigmoid_M0tau,beta,truncated_gaussian,3.12,0.5,3.07688,0.05585,0.8883,-0.0862,
ssfr/ssfr_tanh_hcol_none_mass_double_step,beta,truncated_gaussian,3.12,0.5,3.04042,0.05584,0.8883,-0.1592,
ssfr/ssfr_linear_hcol_sigmoid_mass_linear,beta,truncated_gaussian,3.12,0.5,3.07992,0.05584,0.8883,-0.0802,
host_col/ssfr_none_hcol_quadratic_C0_mass_sigmoid_xihcolmass,beta,truncated_gaussian,3.12,0.5,3.08114,0.05585,0.8883,-0.0777,
interaction/interaction_betaalpha,beta,truncated_gaussian,3.12,0.5,3.07697,0.0558,0.8884,-0.0861,
stretch/stretch_stepbroken_x1tau,beta,truncated_gaussian,3.12,0.5,3.08673,0.05581,0.8884,-0.0665,
ssfr/ssfr_tanh_hcol_quadratic_mass_double_step,beta,truncated_gaussian,3.12,0.5,3.0384,0.0558,0.8884,-0.1632,
host_col/ssfr_none_hcol_tanh_C0htau_mass_step,beta,truncated_gaussian,3.12,0.5,3.07639,0.0558,0.8884,-0.0872,
mass/mass_tanh,beta,truncated_gaussian,3.12,0.5,3.09636,0.05578,0.8884,-0.0473,
ssfr/ssfr_linear_hcol_broken_mass_sigmoid,beta,truncated_gaussian,3.12,0.5,3.0766,0.0558,0.8884,-0.0868,
mass/mass_tanh_M0tau,beta,truncated_gaussian,3.12,0.5,3.09192,0.0558,0.8884,-0.0562,
host_col/ssfr_none_hcol_tanh_C0htau_mass_none,beta,truncated_gaussian,3.12,0.5,3.07307,0.05576,0.8885,-0.0939,
host_col/ssfr_none_hcol_linear_mass_double_step_M0M1,beta,truncated_gaussian,3.12,0.5,3.08835,0.05577,0.8885,-0.0633,
ssfr/ssfr_linear_hcol_quadratic_mass_linear,beta,truncated_gaussian,3.12,0.5,3.07758,0.05574,0.8885,-0.0848,
ssfr/ssfr_tanh_hcol_none_mass_gaussian_weight,beta,truncated_gaussian,3.12,0.5,3.027,0.05574,0.8885,-0.186,
ssfr/ssfr_linear_hcol_none_mass_sigmoid_M0tau,beta,truncated_gaussian,3.12,0.5,3.07579,0.05573,0.8885,-0.0884,
host_col/ssfr_none_hcol_asymm_C0htau_mass_sigmoid_xihcolmass,beta,truncated_gaussian,3.12,0.5,3.08757,0.05573,0.8885,-0.0649,
ssfr/ssfr_linear_hcol_asymm_mass_gaussian_weight,beta,truncated_gaussian,3.12,0.5,3.07153,0.05576,0.8885,-0.0969,
ssfr/ssfr_linear_hcol_broken_mass_linear,beta,truncated_gaussian,3.12,0.5,3.08031,0.05575,0.8885,-0.0794,
ssfr/ssfr_tanh_F0ftau_hcol_none_mass_linear,beta,truncated_gaussian,3.12,0.5,3.05499,0.05577,0.8885,-0.13,
host_col/ssfr_none_hcol_linear_mass_step_M0,beta,truncated_gaussian,3.12,0.5,3.08231,0.05573,0.8885,-0.0754,
ssfr/ssfr_linear_hcol_quadratic_mass_step,beta,truncated_gaussian,3.12,0.5,3.07375,0.05576,0.8885,-0.0925,
baseline,beta,truncated_gaussian,3.12,0.5,3.08626,0.05568,0.8886,-0.0675,
ssfr/ssfr_tanh_hcol_sigmoid_mass_sigmoid,beta,truncated_gaussian,3.12,0.5,3.04321,0.0557,0.8886,-0.1536,
mass/mass_gaussian_weight,beta,truncated_gaussian,3.12,0.5,3.09152,0.05572,0.8886,-0.057,
host_col/ssfr_none_hcol_tanh_C0_mass_sigmoid_xihcolmass,beta,truncated_gaussian,3.12,0.5,3.08647,0.05572,0.8886,-0.0671,
ssfr/ssfr_tanh_hcol_linear_mass_spline,beta,truncated_gaussian,3.12,0.5,3.03633,0.05569,0.8886,-0.1673,
host_col/ssfr_none_hcol_linear_mass_step_xihcolmass,beta,truncated_gaussian,3.12,0.5,3.08522,0.05568,0.8886,-0.0696,
host_col/ssfr_none_hcol_linear_mass_tanh,beta,truncated_gaussian,3.12,0.5,3.0864,0.0557,0.8886,-0.0672,
host_col/ssfr_none_hcol_quadratic_C0_mass_sigmoid_M0xihcolmass,beta,truncated_gaussian,3.12,0.5,3.07856,0.0557,0.8886,-0.0829,
host_col/ssfr_none_hcol_tanh_C0_mass_step_xihcolmass,beta,truncated_gaussian,3.12,0.5,3.08318,0.05568,0.8886,-0.0736,
ssfr/ssfr_linear_hcol_asymm_mass_double_step,beta,truncated_gaussian,3.12,0.5,3.07046,0.0557,0.8886,-0.0991,
ssfr/ssfr_linear_hcol_linear_mass_none,beta,truncated_gaussian,3.12,0.5,3.07456,0.0557,0.8886,-0.0909,
ssfr/ssfr_tanh_hcol_quadratic_mass_step,beta,truncated_gaussian,3.12,0.5,3.04221,0.05564,0.8887,-0.1556,
stretch/stretch_powerlaw_x10x1tau,beta,truncated_gaussian,3.12,0.5,3.08556,0.05566,0.8887,-0.0689,
ssfr/ssfr_linear_hcol_broken_mass_none,beta,truncated_gaussian,3.12,0.5,3.07371,0.05566,0.8887,-0.0926,
nuisance/nogamma,beta,truncated_gaussian,3.12,0.5,3.0819,0.05567,0.8887,-0.0762,
host_col/ssfr_none_hcol_tanh_C0_mass_none,beta,truncated_gaussian,3.12,0.5,3.0783,0.05564,0.8887,-0.0834,
ssfr/ssfr_linear_hcol_broken_mass_double_step,beta,truncated_gaussian,3.12,0.5,3.07213,0.05563,0.8887,-0.0957,
host_col/ssfr_none_hcol_asymm_C0htau_mass_linear_xihcolmass,beta,truncated_gaussian,3.12,0.5,3.09075,0.05564,0.8887,-0.0585,
host_col/ssfr_none_hcol_linear_mass_sigmoid_M0tau,beta,truncated_gaussian,3.12,0.5,3.08795,0.05558,0.8888,-0.0641,
host_col/ssfr_none_hcol_linear_mass_double_step,beta,truncated_gaussian,3.12,0.5,3.08556,0.05562,0.8888,-0.0689,
ssfr/ssfr_linear_hcol_quadratic_mass_sigmoid,beta,truncated_gaussian,3.12,0.5,3.07359,0.05562,0.8888,-0.0928,
ssfr/ssfr_tanh_F0ftau_hcol_none_mass_step,beta,truncated_gaussian,3.12,0.5,3.04795,0.05559,0.8888,-0.1441,
host_col/ssfr_none_hcol_linear_mass_gaussian_weight,beta,truncated_gaussian,3.12,0.5,3.08099,0.0556,0.8888,-0.078,
host_col/ssfr_none_hcol_tanh_C0htau_mass_step,alpha,truncated_gaussian,0.17,0.05,0.17754,0.00556,0.8888,0.1508,
stretch/stretch_softbroken,alpha,truncated_gaussian,0.17,0.05,0.1783,0.00556,0.8888,0.166,
stretch/stretch_quadratic_x10,beta,truncated_gaussian,3.12,0.5,3.08442,0.05558,0.8888,-0.0712,
ssfr/ssfr_linear_hcol_sigmoid_mass_gaussian_weight,beta,truncated_gaussian,3.12,0.5,3.07141,0.05555,0.8889,-0.0972,
host_col/ssfr_none_hcol_sigmoid_C0htau_mass_step,beta,truncated_gaussian,3.12,0.5,3.08028,0.05553,0.8889,-0.0794,
sncolour/sncolour_stepbroken_sntau,beta,truncated_gaussian,3.12,0.5,3.07414,0.05554,0.8889,-0.0917,
cosmo/cosmoLambdaCDM,beta,truncated_gaussian,3.12,0.5,3.08748,0.05555,0.8889,-0.065,
stretch/stretch_doublebroken,beta,truncated_gaussian,3.12,0.5,3.08656,0.05554,0.8889,-0.0669,
ssfr/ssfr_tanh_hcol_tanh_C0_mass_step_xisSFRhcol,beta,truncated_gaussian,3.12,0.5,3.04299,0.05555,0.8889,-0.154,
ssfr/ssfr_linear_hcol_broken_mass_spline,beta,truncated_gaussian,3.12,0.5,3.06858,0.05555,0.8889,-0.1028,
ssfr/ssfr_linear_hcol_quadratic_mass_gaussian_weight,beta,truncated_gaussian,3.12,0.5,3.0705,0.05557,0.8889,-0.099,
cosmo/cosmowCDM,beta,truncated_gaussian,3.12,0.5,3.08477,0.05554,0.8889,-0.0705,
mass/mass_linear,beta,truncated_gaussian,3.12,0.5,3.09981,0.05554,0.8889,-0.0404,
ssfr/ssfr_linear_hcol_linear_mass_linear_xisSFRmass,beta,truncated_gaussian,3.12,0.5,3.07941,0.05553,0.8889,-0.0812,
ssfr/ssfr_linear_hcol_tanh_mass_sigmoid_M0tau,beta,truncated_gaussian,3.12,0.5,3.07495,0.05556,0.8889,-0.0901,
host_col/ssfr_none_hcol_broken_C0_mass_sigmoid_tauxihcolmass,beta,truncated_gaussian,3.12,0.5,3.08782,0.05551,0.889,-0.0644,
host_col/ssfr_none_hcol_asymm_C0htau_mass_sigmoid_M0xihcolmass,beta,truncated_gaussian,3.12,0.5,3.07851,0.05551,0.889,-0.083,
host_col/ssfr_none_hcol_tanh_C0_mass_sigmoid_tauxihcolmass,beta,truncated_gaussian,3.12,0.5,3.0899,0.05552,0.889,-0.0602,
ssfr/ssfr_linear_hcol_broken_mass_gaussian_weight,beta,truncated_gaussian,3.12,0.5,3.07124,0.05549,0.889,-0.0975,
host_col/ssfr_none_hcol_sigmoid_C0_mass_sigmoid_tauxihcolmass,beta,truncated_gaussian,3.12,0.5,3.08775,0.05549,0.889,-0.0645,
mass/mass_none,beta,truncated_gaussian,3.12,0.5,3.09134,0.05548,0.889,-0.0573,
host_col/ssfr_none_hcol_quadratic_C0_mass_double_step,beta,truncated_gaussian,3.12,0.5,3.07694,0.0555,0.889,-0.0861,
ssfr/ssfr_linear_hcol_tanh_mass_double_step,beta,truncated_gaussian,3.12,0.5,3.06724,0.05552,0.889,-0.1055,
ssfr/ssfr_linear_hcol_linear_mass_gaussian_weight,beta,truncated_gaussian,3.12,0.5,3.07291,0.0555,0.889,-0.0942,
sncolour/sncolour_dust,beta,truncated_gaussian,3.12,0.5,3.08605,0.0555,0.889,-0.0679,
ssfr/ssfr_tanh_hcol_sigmoid_mass_double_step,beta,truncated_gaussian,3.12,0.5,3.04003,0.0555,0.889,-0.1599,
host_col/ssfr_none_hcol_broken_C0_mass_double_step,beta,truncated_gaussian,3.12,0.5,3.08576,0.05545,0.8891,-0.0685,
host_col/ssfr_none_hcol_linear_mass_linear_xihcolmass,beta,truncated_gaussian,3.12,0.5,3.08918,0.05546,0.8891,-0.0616,
ssfr/ssfr_linear_hcol_quadratic_mass_double_step,beta,truncated_gaussian,3.12,0.5,3.06673,0.05543,0.8891,-0.1065,
stretch/stretch_softbroken,beta,truncated_gaussian,3.12,0.5,3.11016,0.05545,0.8891,-0.0197,
ssfr/ssfr_linear_hcol_none_mass_double_step,beta,truncated_gaussian,3.12,0.5,3.06762,0.05546,0.8891,-0.1048,
ssfr/ssfr_linear_hcol_none_mass_gaussian_weight,beta,truncated_gaussian,3.12,0.5,3.06093,0.05547,0.8891,-0.1181,
host_col/ssfr_none_hcol_linear_mass_sigmoid_M0xihcolmass,beta,truncated_gaussian,3.12,0.5,3.07895,0.05546,0.8891,-0.0821,
ssfr/ssfr_linear_hcol_tanh_mass_step,beta,truncated_gaussian,3.12,0.5,3.0736,0.05547,0.8891,-0.0928,
host_col/ssfr_none_hcol_broken_C0_mass_sigmoid_xihcolmass,beta,truncated_gaussian,3.12,0.5,3.08549,0.0554,0.8892,-0.069,
stretch/stretch_powerlaw,beta,truncated_gaussian,3.12,0.5,3.0865,0.05539,0.8892,-0.067,
host_col/ssfr_none_hcol_asymm_C0htau_mass_linear,beta,truncated_gaussian,3.12,0.5,3.09231,0.05541,0.8892,-0.0554,
nuisance/noalpha,beta,truncated_gaussian,3.12,0.5,2.9036,0.05539,0.8892,-0.4328,
host_col/ssfr_none_hcol_quadratic_C0_mass_step_xihcolmass,beta,truncated_gaussian,3.12,0.5,3.08168,0.05542,0.8892,-0.0766,
host_col/ssfr_none_hcol_asymm_C0htau_mass_sigmoid_tauxihcolmass,beta,truncated_gaussian,3.12,0.5,3.08898,0.05535,0.8893,-0.062,
ssfr/ssfr_linear_hcol_none_mass_none,beta,truncated_gaussian,3.12,0.5,3.06338,0.05537,0.8893,-0.1132,
stretch/stretch_tanh,beta,truncated_gaussian,3.12,0.5,3.04956,0.05533,0.8893,-0.1409,
host_col/ssfr_none_hcol_linear_mass_linear,beta,truncated_gaussian,3.12,0.5,3.09216,0.05533,0.8893,-0.0557,
ssfr/ssfr_tanh_hcol_none_mass_none,beta,truncated_gaussian,3.12,0.5,3.03168,0.05537,0.8893,-0.1766,
ssfr/ssfr_tanh_F0ftau_hcol_none_mass_sigmoid_M0tau,beta,truncated_gaussian,3.12,0.5,3.05348,0.05536,0.8893,-0.133,
ssfr/ssfr_linear_hcol_none_mass_sigmoid,beta,truncated_gaussian,3.12,0.5,3.07474,0.05535,0.8893,-0.0905,
stretch/stretch_sigmoid,beta,truncated_gaussian,3.12,0.5,3.04714,0.05534,0.8893,-0.1457,
stretch/stretch_stepbroken,beta,truncated_gaussian,3.12,0.5,3.08607,0.05534,0.8893,-0.0679,
host_col/ssfr_none_hcol_quadratic_C0_mass_linear_xihcolmass,beta,truncated_gaussian,3.12,0.5,3.08323,0.05532,0.8894,-0.0735,
host_col/ssfr_none_hcol_sigmoid_C0_mass_step_xihcolmass,beta,truncated_gaussian,3.12,0.5,3.08276,0.05532,0.8894,-0.0745,
host_col/ssfr_none_hcol_sigmoid_C0htau_mass_step,alpha,truncated_gaussian,0.17,0.05,0.17634,0.00553,0.8894,0.1268,
ssfr/ssfr_linear_hcol_quadratic_mass_none,beta,truncated_gaussian,3.12,0.5,3.07275,0.05528,0.8894,-0.0945,
cosmo/Om0asuniform,beta,truncated_gaussian,3.12,0.5,3.07991,0.05531,0.8894,-0.0802,
ssfr/ssfr_linear_hcol_asymm_mass_spline,beta,truncated_gaussian,3.12,0.5,3.07046,0.0553,0.8894,-0.0991,
nuisance/noalphagamma,beta,truncated_gaussian,3.12,0.5,2.90999,0.05526,0.8895,-0.42,
stretch/stretch_sigmoid_x10x1tau,beta,truncated_gaussian,3.12,0.5,3.04106,0.05526,0.8895,-0.1579,
host_col/ssfr_none_hcol_broken_C0_mass_linear,beta,truncated_gaussian,3.12,0.5,3.09055,0.05525,0.8895,-0.0589,
host_col/ssfr_none_hcol_tanh_C0_mass_double_step,beta,truncated_gaussian,3.12,0.5,3.08375,0.05523,0.8895,-0.0725,
mass/mass_double_step,beta,truncated_gaussian,3.12,0.5,3.0906,0.05526,0.8895,-0.0588,
host_col/ssfr_none_hcol_linear_mass_none,beta,truncated_gaussian,3.12,0.5,3.08363,0.05518,0.8896,-0.0727,
host_col/ssfr_none_hcol_tanh_C0_mass_step_xihcolmass,alpha,truncated_gaussian,0.17,0.05,0.17614,0.00552,0.8896,0.1228,
mass/mass_gaussian_weight_M0,beta,truncated_gaussian,3.12,0.5,3.09203,0.05518,0.8896,-0.0559,
ssfr/ssfr_linear_hcol_sigmoid_mass_none,beta,truncated_gaussian,3.12,0.5,3.07296,0.05522,0.8896,-0.0941,
host_col/ssfr_none_hcol_asymm_C0htau_mass_step_xihcolmass,beta,truncated_gaussian,3.12,0.5,3.08733,0.0552,0.8896,-0.0653,
host_col/ssfr_none_hcol_tanh_C0_mass_sigmoid_xihcolmass,alpha,truncated_gaussian,0.17,0.05,0.17646,0.00552,0.8896,0.1292,
host_col/ssfr_none_hcol_quadratic_C0_mass_step,beta,truncated_gaussian,3.12,0.5,3.07936,0.05518,0.8896,-0.0813,
host_col/ssfr_none_hcol_linear_mass_step,beta,truncated_gaussian,3.12,0.5,3.08584,0.05519,0.8896,-0.0683,
host_col/ssfr_none_hcol_linear_mass_spline_k1k2k3,beta,truncated_gaussian,3.12,0.5,3.07866,0.05522,0.8896,-0.0827,
mass/mass_double_step_M0M1,beta,truncated_gaussian,3.12,0.5,3.09309,0.05522,0.8896,-0.0538,
host_col/ssfr_none_hcol_broken_C0_mass_linear_xihcolmass,beta,truncated_gaussian,3.12,0.5,3.08868,0.05514,0.8897,-0.0626,
stretch/stretch_doublebroken_x10x1tau,beta,truncated_gaussian,3.12,0.5,3.08502,0.05517,0.8897,-0.07,
ssfr/ssfr_linear_hcol_asymm_mass_linear,beta,truncated_gaussian,3.12,0.5,3.07871,0.05513,0.8897,-0.0826,
host_col/ssfr_none_hcol_tanh_C0_mass_sigmoid_M0xihcolmass,alpha,truncated_gaussian,0.17,0.05,0.17521,0.00551,0.8898,0.1042,
host_col/ssfr_none_hcol_linear_mass_tanh_M0tau,beta,truncated_gaussian,3.12,0.5,3.08484,0.05508,0.8898,-0.0703,
stretch/stretch_tanh_x10x1tau,beta,truncated_gaussian,3.12,0.5,3.03978,0.05512,0.8898,-0.1604,
ssfr/ssfr_linear_hcol_linear_mass_linear,beta,truncated_gaussian,3.12,0.5,3.08033,0.05511,0.8898,-0.0793,
host_col/ssfr_none_hcol_linear_mass_gaussian_weight_M0tau,beta,truncated_gaussian,3.12,0.5,3.08195,0.0551,0.8898,-0.0761,
ssfr/ssfr_linear_hcol_sigmoid_mass_sigmoid,beta,truncated_gaussian,3.12,0.5,3.07463,0.05505,0.8899,-0.0907,
mass/mass_sigmoid_M0tau,beta,truncated_gaussian,3.12,0.5,3.0927,0.05506,0.8899,-0.0546,
mass/mass_spline_k1k2k3,beta,truncated_gaussian,3.12,0.5,3.08116,0.05506,0.8899,-0.0777,
ssfr/ssfr_linear_hcol_quadratic_mass_spline,beta,truncated_gaussian,3.12,0.5,3.06508,0.05503,0.8899,-0.1098,
host_col/ssfr_none_hcol_linear_mass_sigmoid_xihcolmass,beta,truncated_gaussian,3.12,0.5,3.08625,0.05504,0.8899,-0.0675,
stretch/stretch_asymm_gauss_weight_x10x1tau,beta,truncated_gaussian,3.12,0.5,2.98955,0.05507,0.8899,-0.2609,
host_col/ssfr_none_hcol_asymm_C0htau_mass_double_step,beta,truncated_gaussian,3.12,0.5,3.08611,0.055,0.89,-0.0678,
stretch/stretch_softbroken_x1tau,beta,truncated_gaussian,3.12,0.5,3.11106,0.055,0.89,-0.0179,
host_col/ssfr_none_hcol_sigmoid_C0htau_mass_none,beta,truncated_gaussian,3.12,0.5,3.07765,0.05494,0.8901,-0.0847,
host_col/ssfr_none_hcol_sigmoid_C0_mass_none,beta,truncated_gaussian,3.12,0.5,3.0783,0.05497,0.8901,-0.0834,
stretch/stretch_stepbroken_x10x1tau,beta,truncated_gaussian,3.12,0.5,3.08632,0.05493,0.8901,-0.0674,
stretch/stretch_sigmoid_x1tau,beta,truncated_gaussian,3.12,0.5,3.04818,0.05496,0.8901,-0.1436,
host_col/ssfr_none_hcol_linear_mass_gaussian_weight_M0,beta,truncated_gaussian,3.12,0.5,3.08288,0.05497,0.8901,-0.0742,
stretch/stretch_tanh_x10,beta,truncated_gaussian,3.12,0.5,3.03928,0.05497,0.8901,-0.1614,
host_col/ssfr_none_hcol_quadratic_C0_mass_linear,beta,truncated_gaussian,3.12,0.5,3.08267,0.05492,0.8902,-0.0747,
host_col/ssfr_none_hcol_quadratic_C0_mass_step_xihcolmass,alpha,truncated_gaussian,0.17,0.05,0.17711,0.00549,0.8902,0.1422,
ssfr/ssfr_step_hcol_linear_mass_step_xihcolmass,alpha,truncated_gaussian,0.17,0.05,0.17492,0.00549,0.8902,0.0984,
interaction/interaction_gammaalpha,beta,truncated_gaussian,3.12,0.5,3.09157,0.05484,0.8903,-0.0569,
host_col/ssfr_none_hcol_sigmoid_C0_mass_step,beta,truncated_gaussian,3.12,0.5,3.08257,0.05484,0.8903,-0.0749,
host_col/ssfr_none_hcol_broken_C0_mass_step,beta,truncated_gaussian,3.12,0.5,3.08549,0.05482,0.8904,-0.069,
stretch/stretch_asymm_gauss_weight_x1tau,beta,truncated_gaussian,3.12,0.5,2.96968,0.05473,0.8905,-0.3006,
host_col/ssfr_none_hcol_linear_mass_sigmoid_xihcolmass,alpha,truncated_gaussian,0.17,0.05,0.17728,0.00547,0.8906,0.1456,
host_col/ssfr_none_hcol_broken_C0_mass_sigmoid_M0xihcolmass,alpha,truncated_gaussian,0.17,0.05,0.17533,0.00547,0.8906,0.1066,
ssfr/ssfr_step_hcol_linear_mass_step_xisSFRmassxisSFRhcolxihcolmassomega,alpha,truncated_gaussian,0.17,0.05,0.17544,0.00547,0.8906,0.1088,
stretch/stretch_asymm_gauss_weight,beta,truncated_gaussian,3.12,0.5,2.9686,0.05471,0.8906,-0.3028,
host_col/ssfr_none_hcol_asymm_C0htau_mass_step_xihcolmass,alpha,truncated_gaussian,0.17,0.05,0.17582,0.00546,0.8908,0.1164,
ssfr/ssfr_step_hcol_linear_mass_step_xisSFRmassxisSFRhcol,alpha,truncated_gaussian,0.17,0.05,0.17553,0.00546,0.8908,0.1106,
ssfr/ssfr_tanh_F0ftau_hcol_broken_mass_spline,alpha,truncated_gaussian,0.17,0.05,0.17411,0.00546,0.8908,0.0822,
ssfr/ssfr_linear_hcol_tanh_mass_step,alpha,truncated_gaussian,0.17,0.05,0.17444,0.00546,0.8908,0.0888,
ssfr/ssfr_step_F0_hcol_quadratic_mass_sigmoid_M0tau,alpha,truncated_gaussian,0.17,0.05,0.17557,0.00546,0.8908,0.1114,
ssfr/ssfr_tanh_F0ftau_hcol_broken_mass_sigmoid,alpha,truncated_gaussian,0.17,0.05,0.17511,0.00545,0.891,0.1022,
ssfr/ssfr_step_F0_hcol_broken_mass_spline,alpha,truncated_gaussian,0.17,0.05,0.17397,0.00545,0.891,0.0794,
host_col/ssfr_none_hcol_broken_C0_mass_step_xihcolmass,alpha,truncated_gaussian,0.17,0.05,0.17614,0.00545,0.891,0.1228,
host_col/ssfr_none_hcol_tanh_C0_mass_linear,alpha,truncated_gaussian,0.17,0.05,0.17648,0.00545,0.891,0.1296,
ssfr/ssfr_tanh_hcol_none_mass_sigmoid,alpha,truncated_gaussian,0.17,0.05,0.17603,0.00545,0.891,0.1206,
ssfr/ssfr_tanh_F0ftau_hcol_linear_mass_step_xisSFRmass,alpha,truncated_gaussian,0.17,0.05,0.17437,0.00545,0.891,0.0874,
ssfr/ssfr_tanh_F0ftau_hcol_broken_mass_linear,alpha,truncated_gaussian,0.17,0.05,0.17546,0.00545,0.891,0.1092,
host_col/ssfr_none_hcol_quadratic_C0_mass_sigmoid_xihcolmass,alpha,truncated_gaussian,0.17,0.05,0.17818,0.00545,0.891,0.1636,
ssfr/ssfr_tanh_hcol_linear_mass_step_xisSFRmass,alpha,truncated_gaussian,0.17,0.05,0.17522,0.00545,0.891,0.1044,
ssfr/ssfr_tanh_F0ftau_hcol_linear_mass_spline,alpha,truncated_gaussian,0.17,0.05,0.17418,0.00545,0.891,0.0836,
ssfr/ssfr_sigmoid_F0ftau_hcol_broken_mass_step,alpha,truncated_gaussian,0.17,0.05,0.17401,0.00544,0.8912,0.0802,
ssfr/ssfr_step_F0_hcol_linear_mass_step_M0xisSFRmass,alpha,truncated_gaussian,0.17,0.05,0.17415,0.00544,0.8912,0.083,
ssfr/ssfr_step_hcol_linear_mass_step_xisSFRmass,alpha,truncated_gaussian,0.17,0.05,0.1756,0.00543,0.8914,0.112,
ssfr/ssfr_linear_hcol_sigmoid_mass_step,alpha,truncated_gaussian,0.17,0.05,0.17494,0.00543,0.8914,0.0988,
sncolour/sncolour_stepbroken_c0sntau,alpha,truncated_gaussian,0.17,0.05,0.17522,0.00543,0.8914,0.1044,
ssfr/ssfr_sigmoid_F0ftau_hcol_broken_mass_spline,alpha,truncated_gaussian,0.17,0.05,0.17431,0.00543,0.8914,0.0862,
host_col/ssfr_none_hcol_asymm_C0htau_mass_linear_xihcolmass,alpha,truncated_gaussian,0.17,0.05,0.17725,0.00543,0.8914,0.145,
ssfr/ssfr_linear_hcol_tanh_mass_none,alpha,truncated_gaussian,0.17,0.05,0.17439,0.00543,0.8914,0.0878,
ssfr/ssfr_sigmoid_F0ftau_hcol_asymm_mass_double_step,alpha,truncated_gaussian,0.17,0.05,0.17445,0.00543,0.8914,0.089,
sfr/ssfr_step_F0_hcol_asymm_mass_spline,alpha,truncated_gaussian,0.17,0.05,0.174,0.00543,0.8914,0.08,
host_col/ssfr_none_hcol_sigmoid_C0_mass_step_xihcolmass,alpha,truncated_gaussian,0.17,0.05,0.17591,0.00543,0.8914,0.1182,
ssfr/ssfr_tanh_F0ftau_hcol_tanh_mass_sigmoid_M0tau,alpha,truncated_gaussian,0.17,0.05,0.17558,0.00543,0.8914,0.1116,
host_col/ssfr_none_hcol_linear_mass_step_xihcolmass,alpha,truncated_gaussian,0.17,0.05,0.17623,0.00543,0.8914,0.1246,
stretch/stretch_powerlaw,alpha,truncated_gaussian,0.17,0.05,0.17566,0.00543,0.8914,0.1132,
ssfr/ssfr_step_F0_hcol_asymm_mass_sigmoid,alpha,truncated_gaussian,0.17,0.05,0.17496,0.00543,0.8914,0.0992,
ssfr/ssfr_tanh_hcol_sigmoid_mass_sigmoid,alpha,truncated_gaussian,0.17,0.05,0.17583,0.00542,0.8916,0.1166,
ssfr/ssfr_sigmoid_F0ftau_hcol_linear_mass_sigmoid,alpha,truncated_gaussian,0.17,0.05,0.17512,0.00542,0.8916,0.1024,
ssfr/ssfr_tanh_F0ftau_hcol_sigmoid_mass_double_step,alpha,truncated_gaussian,0.17,0.05,0.17448,0.00542,0.8916,0.0896,
ssfr/ssfr_sigmoid_F0ftau_hcol_linear_mass_linear,alpha,truncated_gaussian,0.17,0.05,0.17542,0.00542,0.8916,0.1084,
ssfr/ssfr_tanh_F0ftau_hcol_broken_mass_step,alpha,truncated_gaussian,0.17,0.05,0.17384,0.00542,0.8916,0.0768,
ssfr/ssfr_tanh_F0ftau_hcol_linear_mass_sigmoid_M0tau,alpha,truncated_gaussian,0.17,0.05,0.17518,0.00542,0.8916,0.1036,
ssfr/ssfr_tanh_hcol_broken_mass_sigmoid,alpha,truncated_gaussian,0.17,0.05,0.17565,0.00542,0.8916,0.113,
ssfr/ssfr_tanh_F0ftau_hcol_broken_mass_double_step,alpha,truncated_gaussian,0.17,0.05,0.17451,0.00542,0.8916,0.0902,
host_col/ssfr_none_hcol_tanh_C0_mass_step,alpha,truncated_gaussian,0.17,0.05,0.17616,0.00542,0.8916,0.1232,
ssfr/ssfr_sigmoid_F0ftau_hcol_broken_mass_sigmoid_M0tau,alpha,truncated_gaussian,0.17,0.05,0.17518,0.00542,0.8916,0.1036,
ssfr/ssfr_tanh_F0ftau_hcol_sigmoid_mass_sigmoid,alpha,truncated_gaussian,0.17,0.05,0.17515,0.00542,0.8916,0.103,
host_col/ssfr_none_hcol_sigmoid_C0_mass_step,alpha,truncated_gaussian,0.17,0.05,0.17542,0.00541,0.8918,0.1084,
stretch/stretch_doublebroken_x1tau,alpha,truncated_gaussian,0.17,0.05,0.17551,0.00541,0.8918,0.1102,
ssfr/ssfr_step_F0_hcol_quadratic_mass_sigmoid,alpha,truncated_gaussian,0.17,0.05,0.17553,0.00541,0.8918,0.1106,
ssfr/ssfr_sigmoid_F0_hcol_linear_mass_step,alpha,truncated_gaussian,0.17,0.05,0.17419,0.00541,0.8918,0.0838,
ssfr/ssfr_step_hcol_tanh_C0_mass_step_xisSFRmassxisSFRhcolxihcolmassomega,alpha,truncated_gaussian,0.17,0.05,0.17466,0.00541,0.8918,0.0932,
ssfr/ssfr_step_F0_hcol_broken_mass_double_step,alpha,truncated_gaussian,0.17,0.05,0.17435,0.00541,0.8918,0.087,
ssfr/ssfr_linear_hcol_asymm_mass_step,alpha,truncated_gaussian,0.17,0.05,0.17492,0.00541,0.8918,0.0984,
ssfr/ssfr_tanh_F0ftau_hcol_linear_mass_linear,alpha,truncated_gaussian,0.17,0.05,0.17538,0.00541,0.8918,0.1076,
ssfr/ssfr_sigmoid_F0ftau_hcol_asymm_mass_sigmoid_M0tau,alpha,truncated_gaussian,0.17,0.05,0.17551,0.00541,0.8918,0.1102,
ssfr/ssfr_tanh_F0ftau_hcol_linear_mass_step,alpha,truncated_gaussian,0.17,0.05,0.17386,0.00541,0.8918,0.0772,
ssfr/ssfr_sigmoid_F0ftau_hcol_linear_mass_step,alpha,truncated_gaussian,0.17,0.05,0.17399,0.00541,0.8918,0.0798,
host_col/ssfr_none_hcol_tanh_C0htau_mass_none,alpha,truncated_gaussian,0.17,0.05,0.1754,0.00541,0.8918,0.108,
ssfr/ssfr_step_F0_hcol_linear_mass_sigmoid_M0,alpha,truncated_gaussian,0.17,0.05,0.1742,0.00541,0.8918,0.084,
ssfr/ssfr_tanh_F0ftau_hcol_asymm_mass_spline,alpha,truncated_gaussian,0.17,0.05,0.17439,0.00541,0.8918,0.0878,
ssfr/ssfr_sigmoid_F0ftau_hcol_broken_mass_sigmoid,alpha,truncated_gaussian,0.17,0.05,0.1751,0.00541,0.8918,0.102,
ssfr/ssfr_tanh_F0ftau_hcol_quadratic_mass_double_step,alpha,truncated_gaussian,0.17,0.05,0.17465,0.00541,0.8918,0.093,
ssfr/ssfr_step_hcol_quadratic_C0_mass_step_xisSFRhcol,alpha,truncated_gaussian,0.17,0.05,0.17605,0.00541,0.8918,0.121,
interaction/interaction_betagamma,alpha,truncated_gaussian,0.17,0.05,0.17526,0.00541,0.8918,0.1052,
ssfr/ssfr_sigmoid_ftau_hcol_linear_mass_step,alpha,truncated_gaussian,0.17,0.05,0.17441,0.00541,0.8918,0.0882,
ssfr/ssfr_tanh_F0ftau_hcol_sigmoid_mass_spline,alpha,truncated_gaussian,0.17,0.05,0.17419,0.00541,0.8918,0.0838,
ssfr/ssfr_step_F0_hcol_sigmoid_mass_spline,alpha,truncated_gaussian,0.17,0.05,0.17414,0.0054,0.892,0.0828,
ssfr/ssfr_step_F0_hcol_linear_mass_linear,alpha,truncated_gaussian,0.17,0.05,0.17526,0.0054,0.892,0.1052,
ssfr/ssfr_tanh_ftau_hcol_linear_mass_step,alpha,truncated_gaussian,0.17,0.05,0.17472,0.0054,0.892,0.0944,
baseline,alpha,truncated_gaussian,0.17,0.05,0.17555,0.0054,0.892,0.111,
ssfr/ssfr_tanh_F0_hcol_linear_mass_step,alpha,truncated_gaussian,0.17,0.05,0.17394,0.0054,0.892,0.0788,
ssfr/ssfr_step_F0_hcol_asymm_mass_step,alpha,truncated_gaussian,0.17,0.05,0.17376,0.0054,0.892,0.0752,
ssfr/ssfr_step_hcol_tanh_C0_mass_step,alpha,truncated_gaussian,0.17,0.05,0.17447,0.0054,0.892,0.0894,
ssfr/ssfr_step_hcol_linear_mass_sigmoid,alpha,truncated_gaussian,0.17,0.05,0.17613,0.0054,0.892,0.1226,
mass/mass_step,alpha,truncated_gaussian,0.17,0.05,0.17269,0.0054,0.892,0.0538,
ssfr/ssfr_step_F0_hcol_sigmoid_mass_linear,alpha,truncated_gaussian,0.17,0.05,0.17537,0.0054,0.892,0.1074,
ssfr/ssfr_linear_hcol_tanh_mass_gaussian_weight,alpha,truncated_gaussian,0.17,0.05,0.17393,0.0054,0.892,0.0786,
ssfr/ssfr_tanh_hcol_tanh_mass_spline,alpha,truncated_gaussian,0.17,0.05,0.175,0.0054,0.892,0.1,
cosmo/cosmowCDM,alpha,truncated_gaussian,0.17,0.05,0.17591,0.0054,0.892,0.1182,
host_col/ssfr_none_hcol_broken_C0_mass_sigmoid_xihcolmass,alpha,truncated_gaussian,0.17,0.05,0.1772,0.0054,0.892,0.144,
ssfr/ssfr_tanh_hcol_linear_mass_sigmoid,alpha,truncated_gaussian,0.17,0.05,0.17562,0.0054,0.892,0.1124,
ssfr/ssfr_linear_hcol_broken_mass_step,alpha,truncated_gaussian,0.17,0.05,0.17525,0.0054,0.892,0.105,
host_col/ssfr_none_hcol_broken_C0_mass_linear_xihcolmass,alpha,truncated_gaussian,0.17,0.05,0.17766,0.0054,0.892,0.1532,
ssfr/ssfr_sigmoid_F0ftau_hcol_linear_mass_spline,alpha,truncated_gaussian,0.17,0.05,0.17415,0.0054,0.892,0.083,
host_col/ssfr_none_hcol_linear_mass_sigmoid_M0xihcolmass,alpha,truncated_gaussian,0.17,0.05,0.17503,0.0054,0.892,0.1006,
ssfr/ssfr_step_F0_hcol_broken_mass_sigmoid_M0tau,alpha,truncated_gaussian,0.17,0.05,0.17493,0.0054,0.892,0.0986,
sncolour/sncolour_quadratic_c0,alpha,truncated_gaussian,0.17,0.05,0.17474,0.0054,0.892,0.0948,
stretch/stretch_powerlaw_x10x1tau,alpha,truncated_gaussian,0.17,0.05,0.17545,0.0054,0.892,0.109,
host_col/ssfr_none_hcol_sigmoid_C0_mass_sigmoid_xihcolmass,alpha,truncated_gaussian,0.17,0.05,0.17698,0.0054,0.892,0.1396,
sncolour/sncolour_softbroken,beta,truncated_gaussian,3.12,0.5,3.00868,0.05396,0.8921,-0.2226,
ssfr/ssfr_step_hcol_linear_mass_step_omega,alpha,truncated_gaussian,0.17,0.05,0.17581,0.00539,0.8922,0.1162,
stretch/stretch_doublebroken,alpha,truncated_gaussian,0.17,0.05,0.17555,0.00539,0.8922,0.111,
host_col/ssfr_none_hcol_quadratic_C0_mass_linear_xihcolmass,alpha,truncated_gaussian,0.17,0.05,0.17754,0.00539,0.8922,0.1508,
sncolour/sncolour_stepbroken_sntau,alpha,truncated_gaussian,0.17,0.05,0.17464,0.00539,0.8922,0.0928,
ssfr/ssfr_sigmoid_F0ftau_hcol_quadratic_mass_step,alpha,truncated_gaussian,0.17,0.05,0.17416,0.00539,0.8922,0.0832,
ssfr/ssfr_step_hcol_linear_mass_step,alpha,truncated_gaussian,0.17,0.05,0.17501,0.00539,0.8922,0.1002,
host_col/ssfr_none_hcol_linear_mass_tanh_M0tau,alpha,truncated_gaussian,0.17,0.05,0.17634,0.00539,0.8922,0.1268,
host_col/ssfr_none_hcol_tanh_C0_mass_sigmoid_tauxihcolmass,alpha,truncated_gaussian,0.17,0.05,0.17618,0.00539,0.8922,0.1236,
ssfr/ssfr_sigmoid_F0ftau_hcol_asymm_mass_step,alpha,truncated_gaussian,0.17,0.05,0.17393,0.00539,0.8922,0.0786,
sncolour/sncolour_dust,alpha,truncated_gaussian,0.17,0.05,0.17544,0.00539,0.8922,0.1088,
ssfr/ssfr_linear_hcol_quadratic_mass_sigmoid_M0tau,alpha,truncated_gaussian,0.17,0.05,0.17659,0.00539,0.8922,0.1318,
stretch/stretch_stepbroken,alpha,truncated_gaussian,0.17,0.05,0.17557,0.00539,0.8922,0.1114,
ssfr/ssfr_tanh_F0ftau_hcol_asymm_mass_double_step,alpha,truncated_gaussian,0.17,0.05,0.17455,0.00539,0.8922,0.091,
sncolour/sncolour_dust_c0sntau,alpha,truncated_gaussian,0.17,0.05,0.17525,0.00539,0.8922,0.105,
ssfr/ssfr_step_F0_hcol_asymm_mass_sigmoid_M0tau,alpha,truncated_gaussian,0.17,0.05,0.17521,0.00539,0.8922,0.1042,
host_col/ssfr_none_hcol_asymm_C0htau_mass_sigmoid_tauxihcolmass,alpha,truncated_gaussian,0.17,0.05,0.17715,0.00539,0.8922,0.143,
ssfr/ssfr_sigmoid_F0ftau_hcol_sigmoid_mass_spline,alpha,truncated_gaussian,0.17,0.05,0.1744,0.00539,0.8922,0.088,
cosmo/cosmoLambdaCDM,alpha,truncated_gaussian,0.17,0.05,0.1754,0.00539,0.8922,0.108,
ssfr/ssfr_sigmoid_F0ftau_hcol_quadratic_mass_spline,alpha,truncated_gaussian,0.17,0.05,0.17456,0.00539,0.8922,0.0912,
ssfr/ssfr_tanh_hcol_quadratic_mass_sigmoid,alpha,truncated_gaussian,0.17,0.05,0.17641,0.00539,0.8922,0.1282,
host_col/ssfr_none_hcol_linear_mass_tanh,alpha,truncated_gaussian,0.17,0.05,0.176,0.00539,0.8922,0.12,
ssfr/ssfr_linear_hcol_linear_mass_double_step,alpha,truncated_gaussian,0.17,0.05,0.17561,0.00539,0.8922,0.1122,
ssfr/ssfr_linear_hcol_sigmoid_mass_double_step,alpha,truncated_gaussian,0.17,0.05,0.17559,0.00539,0.8922,0.1118,
ssfr/ssfr_step_F0_hcol_broken_mass_sigmoid,alpha,truncated_gaussian,0.17,0.05,0.17487,0.00539,0.8922,0.0974,
ssfr/ssfr_linear_hcol_asymm_mass_double_step,alpha,truncated_gaussian,0.17,0.05,0.17549,0.00539,0.8922,0.1098,
ssfr/ssfr_sigmoid_F0ftau_hcol_broken_mass_double_step,alpha,truncated_gaussian,0.17,0.05,0.17461,0.00539,0.8922,0.0922,
ssfr/ssfr_sigmoid_F0ftau_hcol_sigmoid_mass_double_step,alpha,truncated_gaussian,0.17,0.05,0.17456,0.00539,0.8922,0.0912,
ssfr/ssfr_step_F0_hcol_quadratic_mass_step,alpha,truncated_gaussian,0.17,0.05,0.17392,0.00539,0.8922,0.0784,
ssfr/ssfr_step_F0_hcol_none_mass_spline,alpha,truncated_gaussian,0.17,0.05,0.1741,0.00539,0.8922,0.082,
ssfr/ssfr_step_F0_hcol_none_mass_double_step,alpha,truncated_gaussian,0.17,0.05,0.17441,0.00539,0.8922,0.0882,
ssfr/ssfr_tanh_F0ftau_hcol_sigmoid_mass_step,alpha,truncated_gaussian,0.17,0.05,0.17388,0.00539,0.8922,0.0776,
ssfr/ssfr_linear_hcol_quadratic_mass_spline,alpha,truncated_gaussian,0.17,0.05,0.17533,0.00538,0.8924,0.1066,
host_col/ssfr_none_hcol_linear_mass_tanh_M0,alpha,truncated_gaussian,0.17,0.05,0.17533,0.00538,0.8924,0.1066,
host_col/ssfr_none_hcol_asymm_C0htau_mass_step,alpha,truncated_gaussian,0.17,0.05,0.17551,0.00538,0.8924,0.1102,
ssfr/ssfr_step_F0_hcol_linear_mass_step,alpha,truncated_gaussian,0.17,0.05,0.17368,0.00538,0.8924,0.0736,
ssfr/ssfr_tanh_F0ftau_hcol_asymm_mass_sigmoid_M0tau,alpha,truncated_gaussian,0.17,0.05,0.17544,0.00538,0.8924,0.1088,
host_col/ssfr_none_hcol_linear_mass_spline_k1k2k3,alpha,truncated_gaussian,0.17,0.05,0.17574,0.00538,0.8924,0.1148,
ssfr/ssfr_linear_hcol_linear_mass_spline,alpha,truncated_gaussian,0.17,0.05,0.17532,0.00538,0.8924,0.1064,
ssfr/ssfr_step_F0_hcol_sigmoid_mass_double_step,alpha,truncated_gaussian,0.17,0.05,0.17446,0.00538,0.8924,0.0892,
host_col/ssfr_none_hcol_quadratic_C0_mass_step,alpha,truncated_gaussian,0.17,0.05,0.17586,0.00538,0.8924,0.1172,
ssfr/ssfr_step_F0_hcol_linear_mass_spline,alpha,truncated_gaussian,0.17,0.05,0.17403,0.00538,0.8924,0.0806,
host_col/ssfr_none_hcol_tanh_C0_mass_double_step,alpha,truncated_gaussian,0.17,0.05,0.17621,0.00538,0.8924,0.1242,
ssfr/ssfr_step_hcol_linear_mass_step_xisSFRhcol,alpha,truncated_gaussian,0.17,0.05,0.17507,0.00538,0.8924,0.1014,
ssfr/ssfr_sigmoid_F0ftau_hcol_broken_mass_linear,alpha,truncated_gaussian,0.17,0.05,0.17553,0.00538,0.8924,0.1106,
ssfr/ssfr_step_F0_hcol_tanh_mass_spline,alpha,truncated_gaussian,0.17,0.05,0.17415,0.00538,0.8924,0.083,
ssfr/ssfr_tanh_F0ftau_hcol_broken_mass_sigmoid_M0tau,alpha,truncated_gaussian,0.17,0.05,0.17512,0.00538,0.8924,0.1024,
ssfr/ssfr_sigmoid_F0ftau_hcol_sigmoid_mass_sigmoid_M0tau,alpha,truncated_gaussian,0.17,0.05,0.17537,0.00538,0.8924,0.1074,
host_col/ssfr_none_hcol_tanh_C0_mass_none,alpha,truncated_gaussian,0.17,0.05,0.17511,0.00538,0.8924,0.1022,
sncolour/sncolour_tanh,alpha,truncated_gaussian,0.17,0.05,0.17562,0.00538,0.8924,0.1124,
host_col/ssfr_none_hcol_asymm_C0htau_mass_linear,alpha,truncated_gaussian,0.17,0.05,0.17694,0.00538,0.8924,0.1388,
ssfr/ssfr_step_hcol_linear_mass_sigmoid_xisSFRmass,alpha,truncated_gaussian,0.17,0.05,0.17598,0.00538,0.8924,0.1196,
sncolour/sncolour_dust_sntau,alpha,truncated_gaussian,0.17,0.05,0.1756,0.00538,0.8924,0.112,
ssfr/ssfr_tanh_hcol_broken_mass_step,alpha,truncated_gaussian,0.17,0.05,0.17458,0.00538,0.8924,0.0916,
ssfr/ssfr_step_F0_hcol_linear_mass_double_step,alpha,truncated_gaussian,0.17,0.05,0.17427,0.00537,0.8926,0.0854,
ssfr/ssfr_tanh_F0ftau_hcol_asymm_mass_sigmoid,alpha,truncated_gaussian,0.17,0.05,0.17529,0.00537,0.8926,0.1058,
ssfr/ssfr_linear_hcol_quadratic_mass_sigmoid,alpha,truncated_gaussian,0.17,0.05,0.17669,0.00537,0.8926,0.1338,
ssfr/ssfr_step_F0_hcol_linear_mass_sigmoid,alpha,truncated_gaussian,0.17,0.05,0.17487,0.00537,0.8926,0.0974,
ssfr/ssfr_tanh_hcol_tanh_mass_double_step,alpha,truncated_gaussian,0.17,0.05,0.17511,0.00537,0.8926,0.1022,
host_col/ssfr_none_hcol_broken_C0_mass_step,alpha,truncated_gaussian,0.17,0.05,0.17572,0.00537,0.8926,0.1144,
host_col/ssfr_none_hcol_sigmoid_C0_mass_linear_xihcolmass,alpha,truncated_gaussian,0.17,0.05,0.17704,0.00537,0.8926,0.1408,
ssfr/ssfr_sigmoid_F0ftau_hcol_asymm_mass_linear,alpha,truncated_gaussian,0.17,0.05,0.17584,0.00537,0.8926,0.1168,
ssfr/ssfr_linear_hcol_tanh_mass_sigmoid,alpha,truncated_gaussian,0.17,0.05,0.17557,0.00537,0.8926,0.1114,
ssfr/ssfr_linear_hcol_asymm_mass_sigmoid,alpha,truncated_gaussian,0.17,0.05,0.17593,0.00537,0.8926,0.1186,
ssfr/ssfr_linear_hcol_sigmoid_mass_none,alpha,truncated_gaussian,0.17,0.05,0.17335,0.00537,0.8926,0.067,
host_col/ssfr_none_hcol_sigmoid_C0_mass_linear,alpha,truncated_gaussian,0.17,0.05,0.17706,0.00537,0.8926,0.1412,
ssfr/ssfr_tanh_F0ftau_hcol_none_mass_spline,alpha,truncated_gaussian,0.17,0.05,0.17434,0.00537,0.8926,0.0868,
ssfr/ssfr_step_F0_hcol_sigmoid_mass_step,alpha,truncated_gaussian,0.17,0.05,0.17377,0.00537,0.8926,0.0754,
ssfr/ssfr_step_F0_hcol_asymm_mass_linear,alpha,truncated_gaussian,0.17,0.05,0.17551,0.00537,0.8926,0.1102,
ssfr/ssfr_tanh_F0ftau_hcol_quadratic_mass_spline,alpha,truncated_gaussian,0.17,0.05,0.17447,0.00537,0.8926,0.0894,
host_col/ssfr_none_hcol_broken_C0_mass_sigmoid_tauxihcolmass,alpha,truncated_gaussian,0.17,0.05,0.17725,0.00537,0.8926,0.145,
ssfr/ssfr_sigmoid_F0ftau_hcol_quadratic_mass_sigmoid,alpha,truncated_gaussian,0.17,0.05,0.17566,0.00537,0.8926,0.1132,
ssfr/ssfr_linear_hcol_linear_mass_linear_xisSFRmass,alpha,truncated_gaussian,0.17,0.05,0.17627,0.00537,0.8926,0.1254,
sncolour/sncolour_softbroken_c0sntau,alpha,truncated_gaussian,0.17,0.05,0.17486,0.00537,0.8926,0.0972,
host_col/ssfr_none_hcol_sigmoid_C0_mass_sigmoid_tauxihcolmass,alpha,truncated_gaussian,0.17,0.05,0.17688,0.00537,0.8926,0.1376,
host_col/ssfr_none_hcol_sigmoid_C0_mass_sigmoid_M0xihcolmass,alpha,truncated_gaussian,0.17,0.05,0.17541,0.00537,0.8926,0.1082,
ssfr/ssfr_step_hcol_quadratic_C0_mass_step,alpha,truncated_gaussian,0.17,0.05,0.17503,0.00537,0.8926,0.1006,
ssfr/ssfr_sigmoid_F0ftau_hcol_linear_mass_double_step,alpha,truncated_gaussian,0.17,0.05,0.17448,0.00537,0.8926,0.0896,
ssfr/ssfr_tanh_F0ftau_hcol_quadratic_mass_sigmoid,alpha,truncated_gaussian,0.17,0.05,0.17558,0.00537,0.8926,0.1116,
ssfr/ssfr_step_hcol_linear_mass_linear_xisSFRmass,alpha,truncated_gaussian,0.17,0.05,0.17587,0.00537,0.8926,0.1174,
host_col/ssfr_none_hcol_linear_mass_sigmoid,alpha,truncated_gaussian,0.17,0.05,0.17654,0.00537,0.8926,0.1308,
sncolour/sncolour_asymm_gauss_weight,alpha,truncated_gaussian,0.17,0.05,0.17529,0.00537,0.8926,0.1058,
ssfr/ssfr_sigmoid_F0ftau_hcol_quadratic_mass_linear,alpha,truncated_gaussian,0.17,0.05,0.17611,0.00537,0.8926,0.1222,
ssfr/ssfr_sigmoid_F0ftau_hcol_sigmoid_mass_step,alpha,truncated_gaussian,0.17,0.05,0.17394,0.00537,0.8926,0.0788,
ssfr/ssfr_linear_hcol_sigmoid_mass_gaussian_weight,alpha,truncated_gaussian,0.17,0.05,0.1729,0.00536,0.8928,0.058,
sncolour/sncolour_asymm_gauss_weight_c0sntau,alpha,truncated_gaussian,0.17,0.05,0.17484,0.00536,0.8928,0.0968,
host_col/ssfr_none_hcol_asymm_C0htau_mass_sigmoid_xihcolmass,alpha,truncated_gaussian,0.17,0.05,0.17697,0.00536,0.8928,0.1394,
ssfr/ssfr_tanh_hcol_none_mass_step,alpha,truncated_gaussian,0.17,0.05,0.17441,0.00536,0.8928,0.0882,
ssfr/ssfr_linear_hcol_linear_mass_sigmoid,alpha,truncated_gaussian,0.17,0.05,0.17609,0.00536,0.8928,0.1218,
host_col/ssfr_none_hcol_tanh_C0_mass_linear_xihcolmass,alpha,truncated_gaussian,0.17,0.05,0.17629,0.00536,0.8928,0.1258,
ssfr/ssfr_tanh_hcol_linear_mass_double_step,alpha,truncated_gaussian,0.17,0.05,0.17499,0.00536,0.8928,0.0998,
ssfr/ssfr_step_F0_hcol_broken_mass_step,alpha,truncated_gaussian,0.17,0.05,0.17375,0.00536,0.8928,0.075,
ssfr/ssfr_step_F0_hcol_sigmoid_mass_sigmoid,alpha,truncated_gaussian,0.17,0.05,0.17509,0.00536,0.8928,0.1018,
ssfr/ssfr_tanh_F0ftau_hcol_quadratic_mass_sigmoid_M0tau,alpha,truncated_gaussian,0.17,0.05,0.17568,0.00536,0.8928,0.1136,
stretch/stretch_stepbroken_x1tau,alpha,truncated_gaussian,0.17,0.05,0.17558,0.00536,0.8928,0.1116,
ssfr/ssfr_tanh_hcol_quadratic_mass_spline,alpha,truncated_gaussian,0.17,0.05,0.17518,0.00536,0.8928,0.1036,
sncolour/sncolour_broken_c0,alpha,truncated_gaussian,0.17,0.05,0.17554,0.00536,0.8928,0.1108,
ssfr/ssfr_linear_hcol_asymm_mass_sigmoid_M0tau,alpha,truncated_gaussian,0.17,0.05,0.17597,0.00536,0.8928,0.1194,
ssfr/ssfr_tanh_hcol_sigmoid_mass_spline,alpha,truncated_gaussian,0.17,0.05,0.17484,0.00536,0.8928,0.0968,
ssfr/ssfr_step_F0_hcol_tanh_mass_double_step,alpha,truncated_gaussian,0.17,0.05,0.17432,0.00536,0.8928,0.0864,
host_col/ssfr_none_hcol_quadratic_C0_mass_double_step,alpha,truncated_gaussian,0.17,0.05,0.17672,0.00536,0.8928,0.1344,
ssfr/ssfr_sigmoid_F0ftau_hcol_linear_mass_sigmoid_M0tau,alpha,truncated_gaussian,0.17,0.05,0.17513,0.00536,0.8928,0.1026,
ssfr/ssfr_linear_hcol_broken_mass_sigmoid_M0tau,alpha,truncated_gaussian,0.17,0.05,0.17618,0.00536,0.8928,0.1236,
host_col/ssfr_none_hcol_linear_mass_double_step,alpha,truncated_gaussian,0.17,0.05,0.17656,0.00536,0.8928,0.1312,
ssfr/ssfr_tanh_hcol_asymm_mass_double_step,alpha,truncated_gaussian,0.17,0.05,0.17521,0.00536,0.8928,0.1042,
ssfr/ssfr_tanh_hcol_asymm_mass_step,alpha,truncated_gaussian,0.17,0.05,0.17453,0.00536,0.8928,0.0906,
ssfr/ssfr_sigmoid_F0ftau_hcol_none_mass_sigmoid_M0tau,alpha,truncated_gaussian,0.17,0.05,0.176,0.00536,0.8928,0.12,
host_col/ssfr_none_hcol_asymm_C0htau_mass_sigmoid_M0xihcolmass,alpha,truncated_gaussian,0.17,0.05,0.17486,0.00536,0.8928,0.0972,
host_col/ssfr_none_hcol_linear_mass_linear_xihcolmass,alpha,truncated_gaussian,0.17,0.05,0.17763,0.00536,0.8928,0.1526,
ssfr/ssfr_step_F0_hcol_linear_mass_sigmoid_M0tau,alpha,truncated_gaussian,0.17,0.05,0.17494,0.00536,0.8928,0.0988,
host_col/ssfr_none_hcol_linear_mass_sigmoid_M0,alpha,truncated_gaussian,0.17,0.05,0.17574,0.00536,0.8928,0.1148,
mass/mass_sigmoid_M0,alpha,truncated_gaussian,0.17,0.05,0.17341,0.00536,0.8928,0.0682,
ssfr/ssfr_tanh_hcol_linear_mass_step_xisSFRhcol,alpha,truncated_gaussian,0.17,0.05,0.17462,0.00536,0.8928,0.0924,
ssfr/ssfr_sigmoid_F0ftau_hcol_asymm_mass_none,alpha,truncated_gaussian,0.17,0.05,0.17212,0.00536,0.8928,0.0424,
ssfr/ssfr_step_F0_hcol_asymm_mass_none,alpha,truncated_gaussian,0.17,0.05,0.17193,0.00536,0.8928,0.0386,
ssfr/ssfr_linear_hcol_none_mass_step,alpha,truncated_gaussian,0.17,0.05,0.17342,0.00536,0.8928,0.0684,
ssfr/ssfr_tanh_F0ftau_hcol_tanh_mass_double_step,alpha,truncated_gaussian,0.17,0.05,0.17447,0.00536,0.8928,0.0894,
ssfr/ssfr_sigmoid_F0ftau_hcol_asymm_mass_sigmoid,alpha,truncated_gaussian,0.17,0.05,0.17535,0.00536,0.8928,0.107,
ssfr/ssfr_step_hcol_asymm_C0htau_mass_step,alpha,truncated_gaussian,0.17,0.05,0.17476,0.00535,0.893,0.0952,
ssfr/ssfr_tanh_F0ftau_hcol_tanh_mass_spline,alpha,truncated_gaussian,0.17,0.05,0.17422,0.00535,0.893,0.0844,
ssfr/ssfr_tanh_F0ftau_hcol_quadratic_mass_linear,alpha,truncated_gaussian,0.17,0.05,0.17595,0.00535,0.893,0.119,
ssfr/ssfr_linear_hcol_sigmoid_mass_sigmoid,alpha,truncated_gaussian,0.17,0.05,0.17594,0.00535,0.893,0.1188,
ssfr/ssfr_tanh_hcol_tanh_mass_linear,alpha,truncated_gaussian,0.17,0.05,0.17661,0.00535,0.893,0.1322,
ssfr/ssfr_sigmoid_F0ftau_hcol_quadratic_mass_sigmoid_M0tau,alpha,truncated_gaussian,0.17,0.05,0.17576,0.00535,0.893,0.1152,
ssfr/ssfr_tanh_F0ftau_hcol_sigmoid_mass_sigmoid_M0tau,alpha,truncated_gaussian,0.17,0.05,0.17536,0.00535,0.893,0.1072,
ssfr/ssfr_linear_hcol_broken_mass_linear,alpha,truncated_gaussian,0.17,0.05,0.17644,0.00535,0.893,0.1288,
ssfr/ssfr_linear_hcol_quadratic_mass_linear,alpha,truncated_gaussian,0.17,0.05,0.17701,0.00535,0.893,0.1402,
ssfr/ssfr_tanh_F0ftau_hcol_asymm_mass_linear,alpha,truncated_gaussian,0.17,0.05,0.17572,0.00535,0.893,0.1144,
ssfr/ssfr_tanh_hcol_linear_mass_step,alpha,truncated_gaussian,0.17,0.05,0.17457,0.00535,0.893,0.0914,
host_col/ssfr_none_hcol_broken_C0_mass_double_step,alpha,truncated_gaussian,0.17,0.05,0.17677,0.00535,0.893,0.1354,
ssfr/ssfr_tanh_F0ftau_hcol_quadratic_mass_step,alpha,truncated_gaussian,0.17,0.05,0.17411,0.00535,0.893,0.0822,
ssfr/ssfr_step_F0_hcol_none_mass_sigmoid_M0tau,alpha,truncated_gaussian,0.17,0.05,0.1757,0.00535,0.893,0.114,
ssfr/ssfr_step_hcol_sigmoid_C0_mass_step,alpha,truncated_gaussian,0.17,0.05,0.17485,0.00535,0.893,0.097,
stretch/stretch_doublebroken_x10x1tau,alpha,truncated_gaussian,0.17,0.05,0.17557,0.00535,0.893,0.1114,
ssfr/ssfr_step_F0_hcol_broken_mass_none,alpha,truncated_gaussian,0.17,0.05,0.17212,0.00535,0.893,0.0424,
ssfr/ssfr_linear_hcol_linear_mass_step,alpha,truncated_gaussian,0.17,0.05,0.17515,0.00535,0.893,0.103,
sncolour/sncolour_tanh_c0sntau,alpha,truncated_gaussian,0.17,0.05,0.17495,0.00535,0.893,0.099,
ssfr/ssfr_tanh_hcol_broken_mass_double_step,alpha,truncated_gaussian,0.17,0.05,0.17504,0.00535,0.893,0.1008,
mass/mass_spline_k1k2k3,alpha,truncated_gaussian,0.17,0.05,0.17395,0.00535,0.893,0.079,
sncolour/sncolour_tanh_c0,alpha,truncated_gaussian,0.17,0.05,0.17478,0.00535,0.893,0.0956,
ssfr/ssfr_step_F0_hcol_quadratic_mass_double_step,alpha,truncated_gaussian,0.17,0.05,0.17459,0.00535,0.893,0.0918,
ssfr/ssfr_step_hcol_linear_mass_linear,alpha,truncated_gaussian,0.17,0.05,0.17633,0.00535,0.893,0.1266,
ssfr/ssfr_tanh_F0ftau_hcol_tanh_mass_sigmoid,alpha,truncated_gaussian,0.17,0.05,0.1755,0.00535,0.893,0.11,
ssfr/ssfr_linear_hcol_sigmoid_mass_linear,alpha,truncated_gaussian,0.17,0.05,0.17634,0.00535,0.893,0.1268,
ssfr/ssfr_tanh_hcol_quadratic_mass_step,alpha,truncated_gaussian,0.17,0.05,0.17477,0.00535,0.893,0.0954,
ssfr/ssfr_sigmoid_F0ftau_hcol_sigmoid_mass_sigmoid,alpha,truncated_gaussian,0.17,0.05,0.17517,0.00535,0.893,0.1034,
ssfr/ssfr_tanh_hcol_sigmoid_mass_double_step,alpha,truncated_gaussian,0.17,0.05,0.1752,0.00535,0.893,0.104,
mass/mass_tanh_M0tau,alpha,truncated_gaussian,0.17,0.05,0.17529,0.00535,0.893,0.1058,
ssfr/ssfr_tanh_hcol_asymm_mass_linear,alpha,truncated_gaussian,0.17,0.05,0.17628,0.00535,0.893,0.1256,
ssfr/ssfr_linear_hcol_quadratic_mass_step,alpha,truncated_gaussian,0.17,0.05,0.17527,0.00535,0.893,0.1054,
ssfr/ssfr_tanh_F0ftau_hcol_linear_mass_sigmoid,alpha,truncated_gaussian,0.17,0.05,0.17492,0.00534,0.8932,0.0984,
ssfr/ssfr_step_F0_hcol_none_mass_linear,alpha,truncated_gaussian,0.17,0.05,0.17629,0.00534,0.8932,0.1258,
stretch/stretch_powerlaw_x1tau,alpha,truncated_gaussian,0.17,0.05,0.17556,0.00534,0.8932,0.1112,
ssfr/ssfr_step_F0_hcol_linear_mass_gaussian_weight,alpha,truncated_gaussian,0.17,0.05,0.17159,0.00534,0.8932,0.0318,
host_col/ssfr_none_hcol_linear_mass_sigmoid_M0tau,alpha,truncated_gaussian,0.17,0.05,0.1767,0.00534,0.8932,0.134,
ssfr/ssfr_tanh_hcol_asymm_mass_spline,alpha,truncated_gaussian,0.17,0.05,0.17482,0.00534,0.8932,0.0964,
ssfr/ssfr_sigmoid_F0ftau_hcol_tanh_mass_sigmoid,alpha,truncated_gaussian,0.17,0.05,0.17543,0.00534,0.8932,0.1086,
ssfr/ssfr_sigmoid_F0ftau_hcol_tanh_mass_spline,alpha,truncated_gaussian,0.17,0.05,0.17439,0.00534,0.8932,0.0878,
sncolour/sncolour_softbroken_sntau,alpha,truncated_gaussian,0.17,0.05,0.17486,0.00534,0.8932,0.0972,
ssfr/ssfr_step_F0_hcol_quadratic_mass_spline,alpha,truncated_gaussian,0.17,0.05,0.17441,0.00534,0.8932,0.0882,
sncolour/sncolour_stepbroken,alpha,truncated_gaussian,0.17,0.05,0.17646,0.00534,0.8932,0.1292,
ssfr/ssfr_tanh_hcol_asymm_mass_sigmoid,alpha,truncated_gaussian,0.17,0.05,0.17581,0.00534,0.8932,0.1162,
ssfr/ssfr_step_F0_hcol_broken_mass_gaussian_weight,alpha,truncated_gaussian,0.17,0.05,0.1716,0.00534,0.8932,0.032,
ssfr/ssfr_step_F0_hcol_linear_mass_step_M0,alpha,truncated_gaussian,0.17,0.05,0.17365,0.00534,0.8932,0.073,
ssfr/ssfr_tanh_F0ftau_hcol_asymm_mass_step,alpha,truncated_gaussian,0.17,0.05,0.17381,0.00534,0.8932,0.0762,
ssfr/ssfr_sigmoid_F0ftau_hcol_none_mass_step,alpha,truncated_gaussian,0.17,0.05,0.17386,0.00534,0.8932,0.0772,
ssfr/ssfr_linear_hcol_sigmoid_mass_spline,alpha,truncated_gaussian,0.17,0.05,0.17513,0.00534,0.8932,0.1026,
ssfr/ssfr_sigmoid_F0ftau_hcol_linear_mass_none,alpha,truncated_gaussian,0.17,0.05,0.17228,0.00534,0.8932,0.0456,
ssfr/ssfr_linear_hcol_none_mass_sigmoid,alpha,truncated_gaussian,0.17,0.05,0.17536,0.00534,0.8932,0.1072,
ssfr/ssfr_tanh_F0ftau_hcol_tanh_mass_step,alpha,truncated_gaussian,0.17,0.05,0.17371,0.00534,0.8932,0.0742,
host_col/ssfr_none_hcol_asymm_C0htau_mass_none,alpha,truncated_gaussian,0.17,0.05,0.17436,0.00534,0.8932,0.0872,
cosmo/Om0asuniform,alpha,truncated_gaussian,0.17,0.05,0.17578,0.00534,0.8932,0.1156,
sncolour/sncolour_stepbroken,beta,truncated_gaussian,3.12,0.5,2.77289,0.05337,0.8933,-0.6942,
ssfr/ssfr_tanh_hcol_none_mass_spline,alpha,truncated_gaussian,0.17,0.05,0.17496,0.00533,0.8934,0.0992,
ssfr/ssfr_linear_hcol_linear_mass_sigmoid_M0tau,alpha,truncated_gaussian,0.17,0.05,0.17624,0.00533,0.8934,0.1248,
ssfr/ssfr_sigmoid_F0ftau_hcol_broken_mass_gaussian_weight,alpha,truncated_gaussian,0.17,0.05,0.17168,0.00533,0.8934,0.0336,
mass/mass_gaussian_weight_M0tau,alpha,truncated_gaussian,0.17,0.05,0.17074,0.00533,0.8934,0.0148,
ssfr/ssfr_tanh_hcol_broken_mass_spline,alpha,truncated_gaussian,0.17,0.05,0.17488,0.00533,0.8934,0.0976,
stretch/stretch_stepbroken_x10x1tau,alpha,truncated_gaussian,0.17,0.05,0.17561,0.00533,0.8934,0.1122,
host_col/ssfr_none_hcol_linear_mass_step,alpha,truncated_gaussian,0.17,0.05,0.17559,0.00533,0.8934,0.1118,
ssfr/ssfr_step_F0_hcol_broken_mass_linear,alpha,truncated_gaussian,0.17,0.05,0.1753,0.00533,0.8934,0.106,
ssfr/ssfr_tanh_F0ftau_hcol_linear_mass_double_step,alpha,truncated_gaussian,0.17,0.05,0.17437,0.00533,0.8934,0.0874,
ssfr/ssfr_tanh_hcol_tanh_mass_sigmoid,alpha,truncated_gaussian,0.17,0.05,0.17626,0.00533,0.8934,0.1252,
ssfr/ssfr_tanh_F0ftau_hcol_none_mass_double_step,alpha,truncated_gaussian,0.17,0.05,0.17463,0.00533,0.8934,0.0926,
ssfr/ssfr_step_F0_hcol_sigmoid_mass_sigmoid_M0tau,alpha,truncated_gaussian,0.17,0.05,0.17513,0.00533,0.8934,0.1026,
host_col/ssfr_none_hcol_asymm_C0htau_mass_double_step,alpha,truncated_gaussian,0.17,0.05,0.17648,0.00533,0.8934,0.1296,
ssfr/ssfr_linear_hcol_asymm_mass_none,alpha,truncated_gaussian,0.17,0.05,0.17353,0.00533,0.8934,0.0706,
ssfr/ssfr_linear_hcol_broken_mass_sigmoid,alpha,truncated_gaussian,0.17,0.05,0.17624,0.00533,0.8934,0.1248,
ssfr/ssfr_linear_hcol_broken_mass_double_step,alpha,truncated_gaussian,0.17,0.05,0.17574,0.00533,0.8934,0.1148,
ssfr/ssfr_sigmoid_F0ftau_hcol_asymm_mass_spline,alpha,truncated_gaussian,0.17,0.05,0.17424,0.00533,0.8934,0.0848,
ssfr/ssfr_linear_hcol_quadratic_mass_double_step,alpha,truncated_gaussian,0.17,0.05,0.17571,0.00533,0.8934,0.1142,
ssfr/ssfr_tanh_F0ftau_hcol_none_mass_sigmoid,alpha,truncated_gaussian,0.17,0.05,0.17562,0.00533,0.8934,0.1124,
ssfr/ssfr_tanh_hcol_linear_mass_linear,alpha,truncated_gaussian,0.17,0.05,0.17584,0.00533,0.8934,0.1168,
mass/mass_sigmoid,alpha,truncated_gaussian,0.17,0.05,0.17483,0.00533,0.8934,0.0966,
mass/mass_double_step_M0M1,alpha,truncated_gaussian,0.17,0.05,0.17425,0.00533,0.8934,0.085,
ssfr/ssfr_step_F0_hcol_asymm_mass_spline,alpha,truncated_gaussian,0.17,0.05,0.17402,0.00533,0.8934,0.0804,
ssfr/ssfr_step_F0_hcol_quadratic_mass_linear,alpha,truncated_gaussian,0.17,0.05,0.17589,0.00532,0.8936,0.1178,
ssfr/ssfr_linear_hcol_none_mass_sigmoid_M0tau,alpha,truncated_gaussian,0.17,0.05,0.1755,0.00532,0.8936,0.11,
ssfr/ssfr_sigmoid_hcol_linear_mass_step,alpha,truncated_gaussian,0.17,0.05,0.17418,0.00532,0.8936,0.0836,
ssfr/ssfr_linear_hcol_tanh_mass_double_step,alpha,truncated_gaussian,0.17,0.05,0.17476,0.00532,0.8936,0.0952,
ssfr/ssfr_tanh_hcol_asymm_mass_gaussian_weight,alpha,truncated_gaussian,0.17,0.05,0.1719,0.00532,0.8936,0.038,
ssfr/ssfr_sigmoid_F0ftau_hcol_none_mass_spline,alpha,truncated_gaussian,0.17,0.05,0.17452,0.00532,0.8936,0.0904,
ssfr/ssfr_linear_hcol_asymm_mass_spline,alpha,truncated_gaussian,0.17,0.05,0.17525,0.00532,0.8936,0.105,
ssfr/ssfr_tanh_hcol_quadratic_mass_linear,alpha,truncated_gaussian,0.17,0.05,0.17656,0.00532,0.8936,0.1312,
ssfr/ssfr_linear_hcol_none_mass_spline,alpha,truncated_gaussian,0.17,0.05,0.17439,0.00532,0.8936,0.0878,
ssfr/ssfr_sigmoid_F0ftau_hcol_none_mass_double_step,alpha,truncated_gaussian,0.17,0.05,0.17472,0.00532,0.8936,0.0944,
ssfr/ssfr_step_F0_hcol_tanh_mass_step,alpha,truncated_gaussian,0.17,0.05,0.17362,0.00532,0.8936,0.0724,
ssfr/ssfr_tanh_hcol_quadratic_mass_double_step,alpha,truncated_gaussian,0.17,0.05,0.17531,0.00532,0.8936,0.1062,
ssfr/ssfr_linear_hcol_asymm_mass_gaussian_weight,alpha,truncated_gaussian,0.17,0.05,0.17293,0.00532,0.8936,0.0586,
ssfr/ssfr_linear_hcol_tanh_mass_spline,alpha,truncated_gaussian,0.17,0.05,0.17452,0.00532,0.8936,0.0904,
ssfr/ssfr_tanh_F0ftau_hcol_asymm_mass_gaussian_weight,alpha,truncated_gaussian,0.17,0.05,0.17157,0.00532,0.8936,0.0314,
ssfr/ssfr_linear_hcol_asymm_mass_linear,alpha,truncated_gaussian,0.17,0.05,0.17617,0.00532,0.8936,0.1234,
stretch/stretch_quadratic_x10,alpha,truncated_gaussian,0.17,0.05,0.17519,0.00532,0.8936,0.1038,
ssfr/ssfr_tanh_hcol_linear_mass_spline,alpha,truncated_gaussian,0.17,0.05,0.17471,0.00532,0.8936,0.0942,
ssfr/ssfr_sigmoid_F0ftau_hcol_quadratic_mass_double_step,alpha,truncated_gaussian,0.17,0.05,0.17481,0.00532,0.8936,0.0962,
ssfr/ssfr_tanh_hcol_sigmoid_mass_step,alpha,truncated_gaussian,0.17,0.05,0.17452,0.00532,0.8936,0.0904,
ssfr/ssfr_tanh_F0ftau_hcol_broken_mass_gaussian_weight,alpha,truncated_gaussian,0.17,0.05,0.17182,0.00532,0.8936,0.0364,
ssfr/ssfr_tanh_hcol_none_mass_double_step,alpha,truncated_gaussian,0.17,0.05,0.1752,0.00532,0.8936,0.104,
ssfr/ssfr_step_F0_hcol_asymm_mass_double_step,alpha,truncated_gaussian,0.17,0.05,0.17425,0.00532,0.8936,0.085,
ssfr/ssfr_linear_hcol_quadratic_mass_none,alpha,truncated_gaussian,0.17,0.05,0.17339,0.00532,0.8936,0.0678,
host_col/ssfr_none_hcol_linear_mass_gaussian_weight_M0tau,alpha,truncated_gaussian,0.17,0.05,0.17445,0.00532,0.8936,0.089,
ssfr/ssfr_step_F0_hcol_tanh_mass_sigmoid,alpha,truncated_gaussian,0.17,0.05,0.17546,0.00532,0.8936,0.1092,
ssfr/ssfr_sigmoid_F0ftau_hcol_none_mass_linear,alpha,truncated_gaussian,0.17,0.05,0.17649,0.00532,0.8936,0.1298,
ssfr/ssfr_tanh_hcol_quadratic_mass_gaussian_weight,alpha,truncated_gaussian,0.17,0.05,0.17127,0.00532,0.8936,0.0254,
ssfr/ssfr_linear_hcol_sigmoid_mass_sigmoid_M0tau,alpha,truncated_gaussian,0.17,0.05,0.17605,0.00531,0.8938,0.121,
ssfr/ssfr_linear_hcol_broken_mass_spline,alpha,truncated_gaussian,0.17,0.05,0.17533,0.00531,0.8938,0.1066,
ssfr/ssfr_tanh_F0ftau_hcol_none_mass_step,alpha,truncated_gaussian,0.17,0.05,0.1738,0.00531,0.8938,0.076,
ssfr/ssfr_tanh_F0ftau_hcol_linear_mass_none,alpha,truncated_gaussian,0.17,0.05,0.1724,0.00531,0.8938,0.048,
ssfr/ssfr_tanh_hcol_none_mass_linear,alpha,truncated_gaussian,0.17,0.05,0.1768,0.00531,0.8938,0.136,
ssfr/ssfr_linear_hcol_broken_mass_gaussian_weight,alpha,truncated_gaussian,0.17,0.05,0.17324,0.00531,0.8938,0.0648,
ssfr/ssfr_tanh_F0ftau_hcol_broken_mass_none,alpha,truncated_gaussian,0.17,0.05,0.17232,0.00531,0.8938,0.0464,
ssfr/ssfr_step_F0_hcol_asymm_mass_gaussian_weight,alpha,truncated_gaussian,0.17,0.05,0.17137,0.00531,0.8938,0.0274,
ssfr/ssfr_step_F0_hcol_tanh_mass_sigmoid_M0tau,alpha,truncated_gaussian,0.17,0.05,0.17544,0.00531,0.8938,0.1088,
mass/mass_sigmoid_M0tau,alpha,truncated_gaussian,0.17,0.05,0.17521,0.00531,0.8938,0.1042,
sncolour/sncolour_softbroken,alpha,truncated_gaussian,0.17,0.05,0.17345,0.00531,0.8938,0.069,
ssfr/ssfr_tanh_hcol_broken_mass_linear,alpha,truncated_gaussian,0.17,0.05,0.176,0.00531,0.8938,0.12,
ssfr/ssfr_step_F0_hcol_tanh_mass_linear,alpha,truncated_gaussian,0.17,0.05,0.17583,0.00531,0.8938,0.1166,
ssfr/ssfr_step_hcol_none_mass_step,alpha,truncated_gaussian,0.17,0.05,0.17461,0.00531,0.8938,0.0922,
host_col/ssfr_none_hcol_sigmoid_C0htau_mass_none,alpha,truncated_gaussian,0.17,0.05,0.17483,0.00531,0.8938,0.0966,
ssfr/ssfr_sigmoid_F0ftau_hcol_sigmoid_mass_linear,alpha,truncated_gaussian,0.17,0.05,0.1756,0.00531,0.8938,0.112,
ssfr/ssfr_linear_hcol_linear_mass_linear,alpha,truncated_gaussian,0.17,0.05,0.17642,0.00531,0.8938,0.1284,
ssfr/ssfr_tanh_F0ftau_hcol_linear_mass_gaussian_weight,alpha,truncated_gaussian,0.17,0.05,0.1717,0.00531,0.8938,0.034,
ssfr/ssfr_linear_hcol_none_mass_linear,alpha,truncated_gaussian,0.17,0.05,0.1758,0.00531,0.8938,0.116,
ssfr/ssfr_tanh_F0ftau_hcol_none_mass_linear,alpha,truncated_gaussian,0.17,0.05,0.1763,0.00531,0.8938,0.126,
sncolour/sncolour_asymm_gauss_weight_sntau,alpha,truncated_gaussian,0.17,0.05,0.17556,0.00531,0.8938,0.1112,
ssfr/ssfr_tanh_hcol_sigmoid_mass_linear,alpha,truncated_gaussian,0.17,0.05,0.17632,0.00531,0.8938,0.1264,
ssfr/ssfr_sigmoid_F0ftau_hcol_linear_mass_gaussian_weight,alpha,truncated_gaussian,0.17,0.05,0.17171,0.00531,0.8938,0.0342,
ssfr/ssfr_sigmoid_F0ftau_hcol_tanh_mass_sigmoid_M0tau,alpha,truncated_gaussian,0.17,0.05,0.17575,0.0053,0.894,0.115,
host_col/ssfr_none_hcol_sigmoid_C0_mass_none,alpha,truncated_gaussian,0.17,0.05,0.17401,0.0053,0.894,0.0802,
host_col/ssfr_none_hcol_broken_C0_mass_none,alpha,truncated_gaussian,0.17,0.05,0.17448,0.0053,0.894,0.0896,
ssfr/ssfr_sigmoid_F0ftau_hcol_tanh_mass_linear,alpha,truncated_gaussian,0.17,0.05,0.17606,0.0053,0.894,0.1212,
nuisance/nobeta,alpha,truncated_gaussian,0.17,0.05,0.14556,0.0053,0.894,-0.4888,
ssfr/ssfr_tanh_hcol_sigmoid_mass_gaussian_weight,alpha,truncated_gaussian,0.17,0.05,0.17137,0.0053,0.894,0.0274,
host_col/ssfr_none_hcol_linear_mass_double_step_M0M1,alpha,truncated_gaussian,0.17,0.05,0.17635,0.0053,0.894,0.127,
host_col/ssfr_none_hcol_linear_mass_none,alpha,truncated_gaussian,0.17,0.05,0.1743,0.0053,0.894,0.086,
ssfr/ssfr_linear_hcol_quadratic_mass_gaussian_weight,alpha,truncated_gaussian,0.17,0.05,0.17282,0.0053,0.894,0.0564,
ssfr/ssfr_tanh_hcol_linear_mass_gaussian_weight,alpha,truncated_gaussian,0.17,0.05,0.17226,0.0053,0.894,0.0452,
ssfr/ssfr_step_F0_hcol_none_mass_sigmoid,alpha,truncated_gaussian,0.17,0.05,0.17536,0.0053,0.894,0.1072,
host_col/ssfr_none_hcol_linear_mass_gaussian_weight_M0,alpha,truncated_gaussian,0.17,0.05,0.17422,0.0053,0.894,0.0844,
ssfr/ssfr_linear_hcol_linear_mass_none,alpha,truncated_gaussian,0.17,0.05,0.17371,0.0053,0.894,0.0742,
ssfr/ssfr_step_hcol_asymm_C0htau_mass_step_xisSFRhcol,alpha,truncated_gaussian,0.17,0.05,0.17496,0.0053,0.894,0.0992,
ssfr/ssfr_linear_hcol_tanh_mass_linear,alpha,truncated_gaussian,0.17,0.05,0.17575,0.0053,0.894,0.115,
host_col/ssfr_none_hcol_linear_mass_gaussian_weight,alpha,truncated_gaussian,0.17,0.05,0.17373,0.0053,0.894,0.0746,
ssfr/ssfr_tanh_hcol_tanh_C0_mass_step_xisSFRhcol,alpha,truncated_gaussian,0.17,0.05,0.17463,0.0053,0.894,0.0926,
host_col/ssfr_none_hcol_sigmoid_C0_mass_double_step,alpha,truncated_gaussian,0.17,0.05,0.17664,0.0053,0.894,0.1328,
ssfr/ssfr_step_hcol_sigmoid_C0_mass_step_xisSFRhcol,alpha,truncated_gaussian,0.17,0.05,0.17513,0.0053,0.894,0.1026,
ssfr/ssfr_linear_hcol_none_mass_double_step,alpha,truncated_gaussian,0.17,0.05,0.17448,0.0053,0.894,0.0896,
ssfr/ssfr_tanh_hcol_linear_mass_none,alpha,truncated_gaussian,0.17,0.05,0.17281,0.0053,0.894,0.0562,
ssfr/ssfr_step_hcol_linear_mass_none,alpha,truncated_gaussian,0.17,0.05,0.17326,0.00529,0.8942,0.0652,
mass/mass_step_M0,alpha,truncated_gaussian,0.17,0.05,0.17106,0.00529,0.8942,0.0212,
ssfr/ssfr_step_F0_hcol_none_mass_step,alpha,truncated_gaussian,0.17,0.05,0.17363,0.00529,0.8942,0.0726,
ssfr/ssfr_step_F0_hcol_sigmoid_mass_none,alpha,truncated_gaussian,0.17,0.05,0.1715,0.00529,0.8942,0.03,
ssfr/ssfr_sigmoid_F0ftau_hcol_none_mass_sigmoid,alpha,truncated_gaussian,0.17,0.05,0.17562,0.00529,0.8942,0.1124,
host_col/ssfr_none_hcol_linear_mass_step_M0,alpha,truncated_gaussian,0.17,0.05,0.1753,0.00529,0.8942,0.106,
ssfr/ssfr_linear_hcol_tanh_mass_sigmoid_M0tau,alpha,truncated_gaussian,0.17,0.05,0.17557,0.00529,0.8942,0.1114,
ssfr/ssfr_sigmoid_F0ftau_hcol_tanh_mass_double_step,alpha,truncated_gaussian,0.17,0.05,0.1746,0.00529,0.8942,0.092,
ssfr/ssfr_sigmoid_F0ftau_hcol_broken_mass_none,alpha,truncated_gaussian,0.17,0.05,0.17235,0.00529,0.8942,0.047,
host_col/ssfr_none_hcol_broken_C0_mass_linear,alpha,truncated_gaussian,0.17,0.05,0.17707,0.00529,0.8942,0.1414,
ssfr/ssfr_tanh_hcol_tanh_C0_mass_step,alpha,truncated_gaussian,0.17,0.05,0.17454,0.00529,0.8942,0.0908,
ssfr/ssfr_step_F0_hcol_linear_mass_none,alpha,truncated_gaussian,0.17,0.05,0.17208,0.00528,0.8944,0.0416,
ssfr/ssfr_step_F0_hcol_sigmoid_mass_gaussian_weight,alpha,truncated_gaussian,0.17,0.05,0.1709,0.00528,0.8944,0.018,
ssfr/ssfr_tanh_F0ftau_hcol_none_mass_sigmoid_M0tau,alpha,truncated_gaussian,0.17,0.05,0.17591,0.00528,0.8944,0.1182,
ssfr/ssfr_tanh_F0ftau_hcol_asymm_mass_none,alpha,truncated_gaussian,0.17,0.05,0.17219,0.00528,0.8944,0.0438,
ssfr/ssfr_tanh_hcol_broken_mass_none,alpha,truncated_gaussian,0.17,0.05,0.1728,0.00528,0.8944,0.056,
ssfr/ssfr_tanh_F0ftau_hcol_sigmoid_mass_linear,alpha,truncated_gaussian,0.17,0.05,0.17554,0.00528,0.8944,0.1108,
ssfr/ssfr_tanh_F0ftau_hcol_tanh_mass_linear,alpha,truncated_gaussian,0.17,0.05,0.17589,0.00528,0.8944,0.1178,
ssfr/ssfr_tanh_F0ftau_hcol_sigmoid_mass_gaussian_weight,alpha,truncated_gaussian,0.17,0.05,0.1711,0.00527,0.8946,0.022,
ssfr/ssfr_tanh_hcol_broken_mass_gaussian_weight,alpha,truncated_gaussian,0.17,0.05,0.17215,0.00527,0.8946,0.043,
ssfr/ssfr_linear_hcol_linear_mass_gaussian_weight,alpha,truncated_gaussian,0.17,0.05,0.17311,0.00527,0.8946,0.0622,
ssfr/ssfr_linear_hcol_broken_mass_none,alpha,truncated_gaussian,0.17,0.05,0.17373,0.00527,0.8946,0.0746,
ssfr/ssfr_step_F0_hcol_quadratic_mass_gaussian_weight,alpha,truncated_gaussian,0.17,0.05,0.17076,0.00527,0.8946,0.0152,
ssfr/ssfr_tanh_F0ftau_hcol_sigmoid_mass_none,alpha,truncated_gaussian,0.17,0.05,0.17166,0.00527,0.8946,0.0332,
host_col/ssfr_none_hcol_linear_mass_linear,alpha,truncated_gaussian,0.17,0.05,0.17687,0.00526,0.8948,0.1374,
ssfr/ssfr_sigmoid_F0ftau_hcol_asymm_mass_gaussian_weight,alpha,truncated_gaussian,0.17,0.05,0.17156,0.00526,0.8948,0.0312,
mass/mass_linear,alpha,truncated_gaussian,0.17,0.05,0.17535,0.00526,0.8948,0.107,
ssfr/ssfr_tanh_hcol_asymm_mass_none,alpha,truncated_gaussian,0.17,0.05,0.17263,0.00525,0.895,0.0526,
ssfr/ssfr_tanh_hcol_quadratic_mass_none,alpha,truncated_gaussian,0.17,0.05,0.17188,0.00525,0.895,0.0376,
ssfr/ssfr_sigmoid_F0ftau_hcol_sigmoid_mass_gaussian_weight,alpha,truncated_gaussian,0.17,0.05,0.171,0.00525,0.895,0.02,
ssfr/ssfr_sigmoid_F0ftau_hcol_quadratic_mass_gaussian_weight,alpha,truncated_gaussian,0.17,0.05,0.17096,0.00525,0.895,0.0192,
ssfr/ssfr_tanh_F0ftau_hcol_quadratic_mass_gaussian_weight,alpha,truncated_gaussian,0.17,0.05,0.17104,0.00525,0.895,0.0208,
ssfr/ssfr_sigmoid_F0ftau_hcol_tanh_mass_step,alpha,truncated_gaussian,0.17,0.05,0.17379,0.00525,0.895,0.0758,
ssfr/ssfr_step_F0_hcol_tanh_C0_mass_step_M0,alpha,truncated_gaussian,0.17,0.05,0.17382,0.00524,0.8952,0.0764,
ssfr/ssfr_step_F0_hcol_quadratic_mass_none,alpha,truncated_gaussian,0.17,0.05,0.17131,0.00524,0.8952,0.0262,
nuisance/nogamma,alpha,truncated_gaussian,0.17,0.05,0.1744,0.00524,0.8952,0.088,
ssfr/ssfr_tanh_hcol_sigmoid_mass_none,alpha,truncated_gaussian,0.17,0.05,0.17198,0.00524,0.8952,0.0396,
host_col/ssfr_none_hcol_quadratic_C0_mass_linear,alpha,truncated_gaussian,0.17,0.05,0.17742,0.00524,0.8952,0.1484,
ssfr/ssfr_sigmoid_F0ftau_hcol_sigmoid_mass_none,alpha,truncated_gaussian,0.17,0.05,0.17171,0.00523,0.8954,0.0342,
host_col/ssfr_none_hcol_quadratic_C0_mass_none,alpha,truncated_gaussian,0.17,0.05,0.17381,0.00522,0.8956,0.0762,
ssfr/ssfr_tanh_hcol_tanh_mass_none,alpha,truncated_gaussian,0.17,0.05,0.17074,0.00522,0.8956,0.0148,
ssfr/ssfr_sigmoid_F0ftau_hcol_quadratic_mass_none,alpha,truncated_gaussian,0.17,0.05,0.17164,0.00521,0.8958,0.0328,
mass/mass_tanh_M0,alpha,truncated_gaussian,0.17,0.05,0.17121,0.00521,0.8958,0.0242,
ssfr/ssfr_tanh_F0ftau_hcol_quadratic_mass_none,alpha,truncated_gaussian,0.17,0.05,0.17159,0.00521,0.8958,0.0318,
mass/mass_double_step,alpha,truncated_gaussian,0.17,0.05,0.17451,0.0052,0.896,0.0902,
ssfr/ssfr_tanh_hcol_tanh_mass_gaussian_weight,alpha,truncated_gaussian,0.17,0.05,0.17004,0.00519,0.8962,0.0008,
ssfr/ssfr_tanh_F0ftau_hcol_tanh_mass_gaussian_weight,alpha,truncated_gaussian,0.17,0.05,0.17016,0.00518,0.8964,0.0032,
ssfr/ssfr_step_hcol_tanh_C0_mass_step_xisSFRhcol,alpha,truncated_gaussian,0.17,0.05,0.1744,0.00518,0.8964,0.088,
ssfr/ssfr_tanh_F0ftau_hcol_tanh_mass_none,alpha,truncated_gaussian,0.17,0.05,0.17069,0.00517,0.8966,0.0138,
nuisance/nobetagamma,alpha,truncated_gaussian,0.17,0.05,0.14645,0.00517,0.8966,-0.471,
ssfr/ssfr_sigmoid_F0ftau_hcol_tanh_mass_gaussian_weight,alpha,truncated_gaussian,0.17,0.05,0.17032,0.00515,0.897,0.0064,
ssfr/ssfr_step_F0_hcol_tanh_mass_gaussian_weight,alpha,truncated_gaussian,0.17,0.05,0.17006,0.00515,0.897,0.0012,
mass/mass_tanh,alpha,truncated_gaussian,0.17,0.05,0.17278,0.00515,0.897,0.0556,
ssfr/ssfr_sigmoid_F0ftau_hcol_none_mass_none,alpha,truncated_gaussian,0.17,0.05,0.17087,0.00512,0.8976,0.0174,
ssfr/ssfr_tanh_hcol_none_mass_gaussian_weight,alpha,truncated_gaussian,0.17,0.05,0.16968,0.00512,0.8976,-0.0064,
ssfr/ssfr_sigmoid_F0ftau_hcol_none_mass_gaussian_weight,alpha,truncated_gaussian,0.17,0.05,0.17019,0.00512,0.8976,0.0038,
ssfr/ssfr_sigmoid_F0ftau_hcol_tanh_mass_none,alpha,truncated_gaussian,0.17,0.05,0.17094,0.0051,0.898,0.0188,
ssfr/ssfr_tanh_F0ftau_hcol_none_mass_gaussian_weight,alpha,truncated_gaussian,0.17,0.05,0.16994,0.00509,0.8982,-0.0012,
ssfr/ssfr_step_F0_hcol_tanh_mass_none,alpha,truncated_gaussian,0.17,0.05,0.17053,0.00509,0.8982,0.0106,
ssfr/ssfr_tanh_hcol_none_mass_none,alpha,truncated_gaussian,0.17,0.05,0.17028,0.00508,0.8984,0.0056,
ssfr/ssfr_step_F0_hcol_none_mass_gaussian_weight,alpha,truncated_gaussian,0.17,0.05,0.1697,0.00507,0.8986,-0.006,
ssfr/ssfr_tanh_F0ftau_hcol_none_mass_none,alpha,truncated_gaussian,0.17,0.05,0.17064,0.00505,0.899,0.0128,
ssfr/ssfr_step_hcol_none_mass_none,alpha,truncated_gaussian,0.17,0.05,0.16958,0.00505,0.899,-0.0084,
mass/mass_gaussian_weight,alpha,truncated_gaussian,0.17,0.05,0.16343,0.00505,0.899,-0.1314,
ssfr/ssfr_step_F0_hcol_none_mass_none,alpha,truncated_gaussian,0.17,0.05,0.17041,0.00504,0.8992,0.0082,
ssfr/ssfr_linear_hcol_none_mass_gaussian_weight,alpha,truncated_gaussian,0.17,0.05,0.1667,0.00502,0.8996,-0.066,
ssfr/ssfr_linear_hcol_none_mass_none,alpha,truncated_gaussian,0.17,0.05,0.16724,0.00501,0.8998,-0.0552,
mass/mass_none,alpha,truncated_gaussian,0.17,0.05,0.16372,0.00501,0.8998,-0.1256,
mass/mass_gaussian_weight_M0,alpha,truncated_gaussian,0.17,0.05,0.16434,0.00493,0.9014,-0.1132,
stretch/stretch_tanh_x10,alpha,truncated_gaussian,0.17,0.05,0.25625,0.00335,0.933,1.725,
stretch/stretch_tanh_x10x1tau,alpha,truncated_gaussian,0.17,0.05,0.25621,0.00333,0.9334,1.7242,
stretch/stretch_tanh,alpha,truncated_gaussian,0.17,0.05,0.2564,0.00323,0.9354,1.728,
stretch/stretch_asymm_gauss_weight,alpha,truncated_gaussian,0.17,0.05,0.25747,0.00243,0.9514,1.7494,
stretch/stretch_asymm_gauss_weight_x1tau,alpha,truncated_gaussian,0.17,0.05,0.25752,0.00241,0.9518,1.7504,
stretch/stretch_sigmoid_x10x1tau,alpha,truncated_gaussian,0.17,0.05,0.25835,0.0016,0.968,1.767,
stretch/stretch_sigmoid,alpha,truncated_gaussian,0.17,0.05,0.25837,0.00158,0.9684,1.7674,
stretch/stretch_sigmoid_x1tau,alpha,truncated_gaussian,0.17,0.05,0.25839,0.00157,0.9686,1.7678,
